LOCATION,INDICATOR,SUBJECT,MEASURE,FREQUENCY,TIME,Value,Flag Codes
ZAF,BCI,AMPLITUD,LTRENDIDX,M,2020-01-01,98.17303,
ZAF,BCI,AMPLITUD,LTRENDIDX,M,2020-02-01,97.9341,
ZAF,BCI,AMPLITUD,LTRENDIDX,M,2020-03-01,97.60818,
ZAF,BCI,AMPLITUD,LTRENDIDX,M,2020-04-01,97.2275,
ZAF,BCI,AMPLITUD,LTRENDIDX,M,2020-05-01,96.90172,
ZAF,BCI,AMPLITUD,LTRENDIDX,M,2020-06-01,96.80093,
ZAF,BCI,AMPLITUD,LTRENDIDX,M,2020-07-01,97.08371,
ZAF,BCI,AMPLITUD,LTRENDIDX,M,2020-08-01,97.60007,
ZAF,BCI,AMPLITUD,LTRENDIDX,M,2020-09-01,98.19009,
ZAF,BCI,AMPLITUD,LTRENDIDX,M,2020-10-01,98.74886,
ZAF,BCI,AMPLITUD,LTRENDIDX,M,2020-11-01,99.21777,
ZAF,BCI,AMPLITUD,LTRENDIDX,M,2020-12-01,99.51527,
ZAF,BCI,AMPLITUD,LTRENDIDX,M,2021-01-01,99.55759,
ZAF,BCI,AMPLITUD,LTRENDIDX,M,2021-02-01,99.45066,
ZAF,BCI,AMPLITUD,LTRENDIDX,M,2021-03-01,99.29491,
RUS,BCI,AMPLITUD,LTRENDIDX,M,2020-01-01,100.1646,
RUS,BCI,AMPLITUD,LTRENDIDX,M,2020-02-01,99.55921,
RUS,BCI,AMPLITUD,LTRENDIDX,M,2020-03-01,98.62734,
RUS,BCI,AMPLITUD,LTRENDIDX,M,2020-04-01,97.95503,
RUS,BCI,AMPLITUD,LTRENDIDX,M,2020-05-01,98.65324,
RUS,BCI,AMPLITUD,LTRENDIDX,M,2020-06-01,99.88048,
RUS,BCI,AMPLITUD,LTRENDIDX,M,2020-07-01,100.8766,
RUS,BCI,AMPLITUD,LTRENDIDX,M,2020-08-01,101.4433,
RUS,BCI,AMPLITUD,LTRENDIDX,M,2020-09-01,101.6558,
RUS,BCI,AMPLITUD,LTRENDIDX,M,2020-10-01,101.9085,
RUS,BCI,AMPLITUD,LTRENDIDX,M,2020-11-01,102.2175,
RUS,BCI,AMPLITUD,LTRENDIDX,M,2020-12-01,102.2518,
RUS,BCI,AMPLITUD,LTRENDIDX,M,2021-01-01,102.439,
RUS,BCI,AMPLITUD,LTRENDIDX,M,2021-02-01,102.6709,
RUS,BCI,AMPLITUD,LTRENDIDX,M,2021-03-01,102.6625,
RUS,BCI,AMPLITUD,LTRENDIDX,M,2021-04-01,102.475,
ITA,BCI,AMPLITUD,LTRENDIDX,M,2020-01-01,100.1714,
ITA,BCI,AMPLITUD,LTRENDIDX,M,2020-02-01,99.70914,
ITA,BCI,AMPLITUD,LTRENDIDX,M,2020-03-01,98.73528,
ITA,BCI,AMPLITUD,LTRENDIDX,M,2020-04-01,97.74312,
ITA,BCI,AMPLITUD,LTRENDIDX,M,2020-05-01,97.16872,
ITA,BCI,AMPLITUD,LTRENDIDX,M,2020-06-01,97.26973,
ITA,BCI,AMPLITUD,LTRENDIDX,M,2020-07-01,97.72366,
ITA,BCI,AMPLITUD,LTRENDIDX,M,2020-08-01,98.22847,
ITA,BCI,AMPLITUD,LTRENDIDX,M,2020-09-01,98.70445,
ITA,BCI,AMPLITUD,LTRENDIDX,M,2020-10-01,98.98766,
ITA,BCI,AMPLITUD,LTRENDIDX,M,2020-11-01,99.07076,
ITA,BCI,AMPLITUD,LTRENDIDX,M,2020-12-01,99.30782,
ITA,BCI,AMPLITUD,LTRENDIDX,M,2021-01-01,99.59919,
ITA,BCI,AMPLITUD,LTRENDIDX,M,2021-02-01,100.0542,
ITA,BCI,AMPLITUD,LTRENDIDX,M,2021-03-01,100.639,
ITA,BCI,AMPLITUD,LTRENDIDX,M,2021-04-01,101.2854,
FIN,BCI,AMPLITUD,LTRENDIDX,M,2020-01-01,98.68408,
FIN,BCI,AMPLITUD,LTRENDIDX,M,2020-02-01,98.54599,
FIN,BCI,AMPLITUD,LTRENDIDX,M,2020-03-01,97.98361,
FIN,BCI,AMPLITUD,LTRENDIDX,M,2020-04-01,97.07835,
FIN,BCI,AMPLITUD,LTRENDIDX,M,2020-05-01,96.55814,
FIN,BCI,AMPLITUD,LTRENDIDX,M,2020-06-01,96.51119,
FIN,BCI,AMPLITUD,LTRENDIDX,M,2020-07-01,96.73981,
FIN,BCI,AMPLITUD,LTRENDIDX,M,2020-08-01,96.80742,
FIN,BCI,AMPLITUD,LTRENDIDX,M,2020-09-01,96.92842,
FIN,BCI,AMPLITUD,LTRENDIDX,M,2020-10-01,97.31108,
FIN,BCI,AMPLITUD,LTRENDIDX,M,2020-11-01,97.85519,
FIN,BCI,AMPLITUD,LTRENDIDX,M,2020-12-01,98.52512,
FIN,BCI,AMPLITUD,LTRENDIDX,M,2021-01-01,99.06263,
FIN,BCI,AMPLITUD,LTRENDIDX,M,2021-02-01,99.49593,
FIN,BCI,AMPLITUD,LTRENDIDX,M,2021-03-01,100.1916,
FIN,BCI,AMPLITUD,LTRENDIDX,M,2021-04-01,101.1342,
G-7,BCI,AMPLITUD,LTRENDIDX,M,2020-01-01,99.29065,
G-7,BCI,AMPLITUD,LTRENDIDX,M,2020-02-01,99.05317,
G-7,BCI,AMPLITUD,LTRENDIDX,M,2020-03-01,98.42686,
G-7,BCI,AMPLITUD,LTRENDIDX,M,2020-04-01,97.70095,
G-7,BCI,AMPLITUD,LTRENDIDX,M,2020-05-01,97.64712,
G-7,BCI,AMPLITUD,LTRENDIDX,M,2020-06-01,98.20592,
G-7,BCI,AMPLITUD,LTRENDIDX,M,2020-07-01,98.84195,
G-7,BCI,AMPLITUD,LTRENDIDX,M,2020-08-01,99.32458,
G-7,BCI,AMPLITUD,LTRENDIDX,M,2020-09-01,99.67445,
G-7,BCI,AMPLITUD,LTRENDIDX,M,2020-10-01,99.95853,
G-7,BCI,AMPLITUD,LTRENDIDX,M,2020-11-01,100.0723,
G-7,BCI,AMPLITUD,LTRENDIDX,M,2020-12-01,100.2521,
G-7,BCI,AMPLITUD,LTRENDIDX,M,2021-01-01,100.4779,
G-7,BCI,AMPLITUD,LTRENDIDX,M,2021-02-01,100.9776,
G-7,BCI,AMPLITUD,LTRENDIDX,M,2021-03-01,101.6643,
KOR,BCI,AMPLITUD,LTRENDIDX,M,2020-01-01,98.44566,
KOR,BCI,AMPLITUD,LTRENDIDX,M,2020-02-01,98.05154,
KOR,BCI,AMPLITUD,LTRENDIDX,M,2020-03-01,97.38911,
KOR,BCI,AMPLITUD,LTRENDIDX,M,2020-04-01,96.78417,
KOR,BCI,AMPLITUD,LTRENDIDX,M,2020-05-01,96.4917,
KOR,BCI,AMPLITUD,LTRENDIDX,M,2020-06-01,96.62821,
KOR,BCI,AMPLITUD,LTRENDIDX,M,2020-07-01,97.01583,
KOR,BCI,AMPLITUD,LTRENDIDX,M,2020-08-01,97.49415,
KOR,BCI,AMPLITUD,LTRENDIDX,M,2020-09-01,97.98102,
KOR,BCI,AMPLITUD,LTRENDIDX,M,2020-10-01,98.4427,
KOR,BCI,AMPLITUD,LTRENDIDX,M,2020-11-01,98.74323,
KOR,BCI,AMPLITUD,LTRENDIDX,M,2020-12-01,98.93015,
KOR,BCI,AMPLITUD,LTRENDIDX,M,2021-01-01,99.19553,
KOR,BCI,AMPLITUD,LTRENDIDX,M,2021-02-01,99.57693,
KOR,BCI,AMPLITUD,LTRENDIDX,M,2021-03-01,100.1031,
KOR,BCI,AMPLITUD,LTRENDIDX,M,2021-04-01,100.7487,
SWE,BCI,AMPLITUD,LTRENDIDX,M,2020-01-01,99.67397,
SWE,BCI,AMPLITUD,LTRENDIDX,M,2020-02-01,99.50271,
SWE,BCI,AMPLITUD,LTRENDIDX,M,2020-03-01,98.49595,
SWE,BCI,AMPLITUD,LTRENDIDX,M,2020-04-01,96.979,
SWE,BCI,AMPLITUD,LTRENDIDX,M,2020-05-01,96.57943,
SWE,BCI,AMPLITUD,LTRENDIDX,M,2020-06-01,97.28527,
SWE,BCI,AMPLITUD,LTRENDIDX,M,2020-07-01,98.33823,
SWE,BCI,AMPLITUD,LTRENDIDX,M,2020-08-01,99.24767,
SWE,BCI,AMPLITUD,LTRENDIDX,M,2020-09-01,99.94786,
SWE,BCI,AMPLITUD,LTRENDIDX,M,2020-10-01,100.3982,
SWE,BCI,AMPLITUD,LTRENDIDX,M,2020-11-01,100.7746,
SWE,BCI,AMPLITUD,LTRENDIDX,M,2020-12-01,101.1468,
SWE,BCI,AMPLITUD,LTRENDIDX,M,2021-01-01,101.707,
SWE,BCI,AMPLITUD,LTRENDIDX,M,2021-02-01,102.1745,
SWE,BCI,AMPLITUD,LTRENDIDX,M,2021-03-01,102.6374,
MEX,BCI,AMPLITUD,LTRENDIDX,M,2020-01-01,98.4826,
MEX,BCI,AMPLITUD,LTRENDIDX,M,2020-02-01,97.49269,
MEX,BCI,AMPLITUD,LTRENDIDX,M,2020-03-01,95.78831,
MEX,BCI,AMPLITUD,LTRENDIDX,M,2020-04-01,93.80127,
MEX,BCI,AMPLITUD,LTRENDIDX,M,2020-05-01,92.77995,
MEX,BCI,AMPLITUD,LTRENDIDX,M,2020-06-01,92.92578,
MEX,BCI,AMPLITUD,LTRENDIDX,M,2020-07-01,93.44942,
MEX,BCI,AMPLITUD,LTRENDIDX,M,2020-08-01,94.03771,
MEX,BCI,AMPLITUD,LTRENDIDX,M,2020-09-01,94.67528,
MEX,BCI,AMPLITUD,LTRENDIDX,M,2020-10-01,95.22793,
MEX,BCI,AMPLITUD,LTRENDIDX,M,2020-11-01,95.66889,
MEX,BCI,AMPLITUD,LTRENDIDX,M,2020-12-01,96.03437,
MEX,BCI,AMPLITUD,LTRENDIDX,M,2021-01-01,96.3861,
MEX,BCI,AMPLITUD,LTRENDIDX,M,2021-02-01,96.90382,
MEX,BCI,AMPLITUD,LTRENDIDX,M,2021-03-01,97.67674,
MEX,BCI,AMPLITUD,LTRENDIDX,M,2021-04-01,98.70949,
CHN,BCI,AMPLITUD,LTRENDIDX,M,2020-01-01,95.58252,
CHN,BCI,AMPLITUD,LTRENDIDX,M,2020-02-01,94.02054,
CHN,BCI,AMPLITUD,LTRENDIDX,M,2020-03-01,96.23982,
CHN,BCI,AMPLITUD,LTRENDIDX,M,2020-04-01,98.0204,
CHN,BCI,AMPLITUD,LTRENDIDX,M,2020-05-01,98.85693,
CHN,BCI,AMPLITUD,LTRENDIDX,M,2020-06-01,99.16039,
CHN,BCI,AMPLITUD,LTRENDIDX,M,2020-07-01,99.25193,
CHN,BCI,AMPLITUD,LTRENDIDX,M,2020-08-01,99.31391,
CHN,BCI,AMPLITUD,LTRENDIDX,M,2020-09-01,99.46789,
CHN,BCI,AMPLITUD,LTRENDIDX,M,2020-10-01,99.62787,
CHN,BCI,AMPLITUD,LTRENDIDX,M,2020-11-01,99.77036,
CHN,BCI,AMPLITUD,LTRENDIDX,M,2020-12-01,99.68959,
CHN,BCI,AMPLITUD,LTRENDIDX,M,2021-01-01,99.44868,
CHN,BCI,AMPLITUD,LTRENDIDX,M,2021-02-01,99.29076,
CHN,BCI,AMPLITUD,LTRENDIDX,M,2021-03-01,99.3711,
CHN,BCI,AMPLITUD,LTRENDIDX,M,2021-04-01,99.3213,
POL,BCI,AMPLITUD,LTRENDIDX,M,2020-01-01,100.4124,
POL,BCI,AMPLITUD,LTRENDIDX,M,2020-02-01,99.62468,
POL,BCI,AMPLITUD,LTRENDIDX,M,2020-03-01,98.09203,
POL,BCI,AMPLITUD,LTRENDIDX,M,2020-04-01,96.19928,
POL,BCI,AMPLITUD,LTRENDIDX,M,2020-05-01,95.68291,
POL,BCI,AMPLITUD,LTRENDIDX,M,2020-06-01,96.31649,
POL,BCI,AMPLITUD,LTRENDIDX,M,2020-07-01,97.28001,
POL,BCI,AMPLITUD,LTRENDIDX,M,2020-08-01,98.00766,
POL,BCI,AMPLITUD,LTRENDIDX,M,2020-09-01,98.34652,
POL,BCI,AMPLITUD,LTRENDIDX,M,2020-10-01,98.39009,
POL,BCI,AMPLITUD,LTRENDIDX,M,2020-11-01,98.27409,
POL,BCI,AMPLITUD,LTRENDIDX,M,2020-12-01,98.37978,
POL,BCI,AMPLITUD,LTRENDIDX,M,2021-01-01,98.57461,
POL,BCI,AMPLITUD,LTRENDIDX,M,2021-02-01,98.89211,
POL,BCI,AMPLITUD,LTRENDIDX,M,2021-03-01,99.53904,
POL,BCI,AMPLITUD,LTRENDIDX,M,2021-04-01,100.5331,
JPN,BCI,AMPLITUD,LTRENDIDX,M,2020-01-01,100.105,
JPN,BCI,AMPLITUD,LTRENDIDX,M,2020-02-01,99.89399,
JPN,BCI,AMPLITUD,LTRENDIDX,M,2020-03-01,99.56446,
JPN,BCI,AMPLITUD,LTRENDIDX,M,2020-04-01,99.07447,
JPN,BCI,AMPLITUD,LTRENDIDX,M,2020-05-01,98.53854,
JPN,BCI,AMPLITUD,LTRENDIDX,M,2020-06-01,98.11579,
JPN,BCI,AMPLITUD,LTRENDIDX,M,2020-07-01,97.94403,
JPN,BCI,AMPLITUD,LTRENDIDX,M,2020-08-01,97.96061,
JPN,BCI,AMPLITUD,LTRENDIDX,M,2020-09-01,98.11877,
JPN,BCI,AMPLITUD,LTRENDIDX,M,2020-10-01,98.4157,
JPN,BCI,AMPLITUD,LTRENDIDX,M,2020-11-01,98.77887,
JPN,BCI,AMPLITUD,LTRENDIDX,M,2020-12-01,99.14814,
JPN,BCI,AMPLITUD,LTRENDIDX,M,2021-01-01,99.49146,
JPN,BCI,AMPLITUD,LTRENDIDX,M,2021-02-01,99.81464,
JPN,BCI,AMPLITUD,LTRENDIDX,M,2021-03-01,100.13,
OECDE,BCI,AMPLITUD,LTRENDIDX,M,2020-01-01,99.69791,
OECDE,BCI,AMPLITUD,LTRENDIDX,M,2020-02-01,99.13335,
OECDE,BCI,AMPLITUD,LTRENDIDX,M,2020-03-01,97.78955,
OECDE,BCI,AMPLITUD,LTRENDIDX,M,2020-04-01,96.19041,
OECDE,BCI,AMPLITUD,LTRENDIDX,M,2020-05-01,95.9296,
OECDE,BCI,AMPLITUD,LTRENDIDX,M,2020-06-01,96.79655,
OECDE,BCI,AMPLITUD,LTRENDIDX,M,2020-07-01,97.93842,
OECDE,BCI,AMPLITUD,LTRENDIDX,M,2020-08-01,98.75404,
OECDE,BCI,AMPLITUD,LTRENDIDX,M,2020-09-01,99.21421,
OECDE,BCI,AMPLITUD,LTRENDIDX,M,2020-10-01,99.43491,
OECDE,BCI,AMPLITUD,LTRENDIDX,M,2020-11-01,99.41685,
OECDE,BCI,AMPLITUD,LTRENDIDX,M,2020-12-01,99.55214,
OECDE,BCI,AMPLITUD,LTRENDIDX,M,2021-01-01,99.78888,
OECDE,BCI,AMPLITUD,LTRENDIDX,M,2021-02-01,100.2936,
OECDE,BCI,AMPLITUD,LTRENDIDX,M,2021-03-01,101.08,
OECDE,BCI,AMPLITUD,LTRENDIDX,M,2021-04-01,102.0847,
FRA,BCI,AMPLITUD,LTRENDIDX,M,2020-01-01,100.3606,
FRA,BCI,AMPLITUD,LTRENDIDX,M,2020-02-01,99.85596,
FRA,BCI,AMPLITUD,LTRENDIDX,M,2020-03-01,98.54488,
FRA,BCI,AMPLITUD,LTRENDIDX,M,2020-04-01,96.95218,
FRA,BCI,AMPLITUD,LTRENDIDX,M,2020-05-01,96.88361,
FRA,BCI,AMPLITUD,LTRENDIDX,M,2020-06-01,97.75613,
FRA,BCI,AMPLITUD,LTRENDIDX,M,2020-07-01,98.68189,
FRA,BCI,AMPLITUD,LTRENDIDX,M,2020-08-01,99.25652,
FRA,BCI,AMPLITUD,LTRENDIDX,M,2020-09-01,99.30515,
FRA,BCI,AMPLITUD,LTRENDIDX,M,2020-10-01,99.11027,
FRA,BCI,AMPLITUD,LTRENDIDX,M,2020-11-01,98.91514,
FRA,BCI,AMPLITUD,LTRENDIDX,M,2020-12-01,98.96944,
FRA,BCI,AMPLITUD,LTRENDIDX,M,2021-01-01,99.12727,
FRA,BCI,AMPLITUD,LTRENDIDX,M,2021-02-01,99.55789,
FRA,BCI,AMPLITUD,LTRENDIDX,M,2021-03-01,100.308,
FRA,BCI,AMPLITUD,LTRENDIDX,M,2021-04-01,101.431,
BEL,BCI,AMPLITUD,LTRENDIDX,M,2020-01-01,100.2727,
BEL,BCI,AMPLITUD,LTRENDIDX,M,2020-02-01,100.0574,
BEL,BCI,AMPLITUD,LTRENDIDX,M,2020-03-01,99.12228,
BEL,BCI,AMPLITUD,LTRENDIDX,M,2020-04-01,97.67367,
BEL,BCI,AMPLITUD,LTRENDIDX,M,2020-05-01,96.86247,
BEL,BCI,AMPLITUD,LTRENDIDX,M,2020-06-01,96.98241,
BEL,BCI,AMPLITUD,LTRENDIDX,M,2020-07-01,97.81213,
BEL,BCI,AMPLITUD,LTRENDIDX,M,2020-08-01,98.67953,
BEL,BCI,AMPLITUD,LTRENDIDX,M,2020-09-01,99.37453,
BEL,BCI,AMPLITUD,LTRENDIDX,M,2020-10-01,99.80093,
BEL,BCI,AMPLITUD,LTRENDIDX,M,2020-11-01,100.0857,
BEL,BCI,AMPLITUD,LTRENDIDX,M,2020-12-01,100.3872,
BEL,BCI,AMPLITUD,LTRENDIDX,M,2021-01-01,100.6436,
BEL,BCI,AMPLITUD,LTRENDIDX,M,2021-02-01,100.9923,
BEL,BCI,AMPLITUD,LTRENDIDX,M,2021-03-01,101.6136,
BEL,BCI,AMPLITUD,LTRENDIDX,M,2021-04-01,102.4995,
HUN,BCI,AMPLITUD,LTRENDIDX,M,2020-01-01,100.2626,
HUN,BCI,AMPLITUD,LTRENDIDX,M,2020-02-01,99.62234,
HUN,BCI,AMPLITUD,LTRENDIDX,M,2020-03-01,98.24915,
HUN,BCI,AMPLITUD,LTRENDIDX,M,2020-04-01,96.31668,
HUN,BCI,AMPLITUD,LTRENDIDX,M,2020-05-01,95.42717,
HUN,BCI,AMPLITUD,LTRENDIDX,M,2020-06-01,95.67078,
HUN,BCI,AMPLITUD,LTRENDIDX,M,2020-07-01,96.1637,
HUN,BCI,AMPLITUD,LTRENDIDX,M,2020-08-01,96.58508,
HUN,BCI,AMPLITUD,LTRENDIDX,M,2020-09-01,96.89498,
HUN,BCI,AMPLITUD,LTRENDIDX,M,2020-10-01,97.14732,
HUN,BCI,AMPLITUD,LTRENDIDX,M,2020-11-01,97.27365,
HUN,BCI,AMPLITUD,LTRENDIDX,M,2020-12-01,97.74452,
HUN,BCI,AMPLITUD,LTRENDIDX,M,2021-01-01,98.22488,
HUN,BCI,AMPLITUD,LTRENDIDX,M,2021-02-01,98.50896,
HUN,BCI,AMPLITUD,LTRENDIDX,M,2021-03-01,99.16438,
HUN,BCI,AMPLITUD,LTRENDIDX,M,2021-04-01,100.3111,
LUX,BCI,AMPLITUD,LTRENDIDX,M,2020-01-01,98.94804,
LUX,BCI,AMPLITUD,LTRENDIDX,M,2020-02-01,98.70216,
LUX,BCI,AMPLITUD,LTRENDIDX,M,2020-03-01,98.01221,
LUX,BCI,AMPLITUD,LTRENDIDX,M,2020-04-01,97.1106,
LUX,BCI,AMPLITUD,LTRENDIDX,M,2020-05-01,97.33013,
LUX,BCI,AMPLITUD,LTRENDIDX,M,2020-06-01,98.02222,
LUX,BCI,AMPLITUD,LTRENDIDX,M,2020-07-01,98.95502,
LUX,BCI,AMPLITUD,LTRENDIDX,M,2020-08-01,99.55804,
LUX,BCI,AMPLITUD,LTRENDIDX,M,2020-09-01,99.77247,
LUX,BCI,AMPLITUD,LTRENDIDX,M,2020-10-01,100.0298,
LUX,BCI,AMPLITUD,LTRENDIDX,M,2020-11-01,100.1015,
LUX,BCI,AMPLITUD,LTRENDIDX,M,2020-12-01,100.4227,
LUX,BCI,AMPLITUD,LTRENDIDX,M,2021-01-01,100.7178,
LUX,BCI,AMPLITUD,LTRENDIDX,M,2021-02-01,100.83,
LUX,BCI,AMPLITUD,LTRENDIDX,M,2021-03-01,101.109,
LUX,BCI,AMPLITUD,LTRENDIDX,M,2021-04-01,101.6792,
ESP,BCI,AMPLITUD,LTRENDIDX,M,2020-01-01,100.9146,
ESP,BCI,AMPLITUD,LTRENDIDX,M,2020-02-01,100.3621,
ESP,BCI,AMPLITUD,LTRENDIDX,M,2020-03-01,99.05601,
ESP,BCI,AMPLITUD,LTRENDIDX,M,2020-04-01,97.29444,
ESP,BCI,AMPLITUD,LTRENDIDX,M,2020-05-01,96.70586,
ESP,BCI,AMPLITUD,LTRENDIDX,M,2020-06-01,97.33276,
ESP,BCI,AMPLITUD,LTRENDIDX,M,2020-07-01,98.45715,
ESP,BCI,AMPLITUD,LTRENDIDX,M,2020-08-01,99.21716,
ESP,BCI,AMPLITUD,LTRENDIDX,M,2020-09-01,99.55515,
ESP,BCI,AMPLITUD,LTRENDIDX,M,2020-10-01,99.63541,
ESP,BCI,AMPLITUD,LTRENDIDX,M,2020-11-01,99.64432,
ESP,BCI,AMPLITUD,LTRENDIDX,M,2020-12-01,99.76925,
ESP,BCI,AMPLITUD,LTRENDIDX,M,2021-01-01,100.0121,
ESP,BCI,AMPLITUD,LTRENDIDX,M,2021-02-01,100.2814,
ESP,BCI,AMPLITUD,LTRENDIDX,M,2021-03-01,100.9392,
ESP,BCI,AMPLITUD,LTRENDIDX,M,2021-04-01,101.9392,
NOR,BCI,AMPLITUD,LTRENDIDX,M,2020-01-01,98.55467,
NOR,BCI,AMPLITUD,LTRENDIDX,M,2020-02-01,97.8128,
NOR,BCI,AMPLITUD,LTRENDIDX,M,2020-03-01,97.3038,
NOR,BCI,AMPLITUD,LTRENDIDX,M,2020-04-01,97.2863,
NOR,BCI,AMPLITUD,LTRENDIDX,M,2020-05-01,97.6039,
NOR,BCI,AMPLITUD,LTRENDIDX,M,2020-06-01,98.09814,
NOR,BCI,AMPLITUD,LTRENDIDX,M,2020-07-01,98.68634,
NOR,BCI,AMPLITUD,LTRENDIDX,M,2020-08-01,99.26279,
NOR,BCI,AMPLITUD,LTRENDIDX,M,2020-09-01,99.71684,
NOR,BCI,AMPLITUD,LTRENDIDX,M,2020-10-01,99.9627,
NOR,BCI,AMPLITUD,LTRENDIDX,M,2020-11-01,100.0916,
NOR,BCI,AMPLITUD,LTRENDIDX,M,2020-12-01,100.2056,
NOR,BCI,AMPLITUD,LTRENDIDX,M,2021-01-01,100.3678,
NOR,BCI,AMPLITUD,LTRENDIDX,M,2021-02-01,100.5683,
NOR,BCI,AMPLITUD,LTRENDIDX,M,2021-03-01,100.7837,
USA,BCI,AMPLITUD,LTRENDIDX,M,2020-01-01,99.09651,
USA,BCI,AMPLITUD,LTRENDIDX,M,2020-02-01,98.97359,
USA,BCI,AMPLITUD,LTRENDIDX,M,2020-03-01,98.53852,
USA,BCI,AMPLITUD,LTRENDIDX,M,2020-04-01,98.06623,
USA,BCI,AMPLITUD,LTRENDIDX,M,2020-05-01,98.31841,
USA,BCI,AMPLITUD,LTRENDIDX,M,2020-06-01,99.22553,
USA,BCI,AMPLITUD,LTRENDIDX,M,2020-07-01,100.0116,
USA,BCI,AMPLITUD,LTRENDIDX,M,2020-08-01,100.5248,
USA,BCI,AMPLITUD,LTRENDIDX,M,2020-09-01,100.8285,
USA,BCI,AMPLITUD,LTRENDIDX,M,2020-10-01,101.1117,
USA,BCI,AMPLITUD,LTRENDIDX,M,2020-11-01,101.2444,
USA,BCI,AMPLITUD,LTRENDIDX,M,2020-12-01,101.4131,
USA,BCI,AMPLITUD,LTRENDIDX,M,2021-01-01,101.5638,
USA,BCI,AMPLITUD,LTRENDIDX,M,2021-02-01,101.9399,
USA,BCI,AMPLITUD,LTRENDIDX,M,2021-03-01,102.5081,
GBR,BCI,AMPLITUD,LTRENDIDX,M,2020-01-01,98.25019,
GBR,BCI,AMPLITUD,LTRENDIDX,M,2020-02-01,97.98572,
GBR,BCI,AMPLITUD,LTRENDIDX,M,2020-03-01,96.78632,
GBR,BCI,AMPLITUD,LTRENDIDX,M,2020-04-01,95.16119,
GBR,BCI,AMPLITUD,LTRENDIDX,M,2020-05-01,94.61786,
GBR,BCI,AMPLITUD,LTRENDIDX,M,2020-06-01,95.1423,
GBR,BCI,AMPLITUD,LTRENDIDX,M,2020-07-01,96.23695,
GBR,BCI,AMPLITUD,LTRENDIDX,M,2020-08-01,96.99323,
GBR,BCI,AMPLITUD,LTRENDIDX,M,2020-09-01,97.86267,
GBR,BCI,AMPLITUD,LTRENDIDX,M,2020-10-01,98.43357,
GBR,BCI,AMPLITUD,LTRENDIDX,M,2020-11-01,98.13092,
GBR,BCI,AMPLITUD,LTRENDIDX,M,2020-12-01,98.08471,
GBR,BCI,AMPLITUD,LTRENDIDX,M,2021-01-01,98.48163,
GBR,BCI,AMPLITUD,LTRENDIDX,M,2021-02-01,99.99291,
GBR,BCI,AMPLITUD,LTRENDIDX,M,2021-03-01,101.9105,
GBR,BCI,AMPLITUD,LTRENDIDX,M,2021-04-01,103.3082,
PRT,BCI,AMPLITUD,LTRENDIDX,M,2020-01-01,100.2168,
PRT,BCI,AMPLITUD,LTRENDIDX,M,2020-02-01,99.23286,
PRT,BCI,AMPLITUD,LTRENDIDX,M,2020-03-01,97.2636,
PRT,BCI,AMPLITUD,LTRENDIDX,M,2020-04-01,94.69157,
PRT,BCI,AMPLITUD,LTRENDIDX,M,2020-05-01,93.49017,
PRT,BCI,AMPLITUD,LTRENDIDX,M,2020-06-01,94.27341,
PRT,BCI,AMPLITUD,LTRENDIDX,M,2020-07-01,95.70552,
PRT,BCI,AMPLITUD,LTRENDIDX,M,2020-08-01,96.53764,
PRT,BCI,AMPLITUD,LTRENDIDX,M,2020-09-01,96.76057,
PRT,BCI,AMPLITUD,LTRENDIDX,M,2020-10-01,96.68449,
PRT,BCI,AMPLITUD,LTRENDIDX,M,2020-11-01,96.45177,
PRT,BCI,AMPLITUD,LTRENDIDX,M,2020-12-01,96.34793,
PRT,BCI,AMPLITUD,LTRENDIDX,M,2021-01-01,96.41757,
PRT,BCI,AMPLITUD,LTRENDIDX,M,2021-02-01,97.00882,
PRT,BCI,AMPLITUD,LTRENDIDX,M,2021-03-01,98.23367,
PRT,BCI,AMPLITUD,LTRENDIDX,M,2021-04-01,99.87617,
CHL,BCI,AMPLITUD,LTRENDIDX,M,2020-01-01,97.23625,
CHL,BCI,AMPLITUD,LTRENDIDX,M,2020-02-01,97.68736,
CHL,BCI,AMPLITUD,LTRENDIDX,M,2020-03-01,97.21436,
CHL,BCI,AMPLITUD,LTRENDIDX,M,2020-04-01,96.15967,
CHL,BCI,AMPLITUD,LTRENDIDX,M,2020-05-01,95.91543,
CHL,BCI,AMPLITUD,LTRENDIDX,M,2020-06-01,96.68098,
CHL,BCI,AMPLITUD,LTRENDIDX,M,2020-07-01,97.84082,
CHL,BCI,AMPLITUD,LTRENDIDX,M,2020-08-01,99.15151,
CHL,BCI,AMPLITUD,LTRENDIDX,M,2020-09-01,100.457,
CHL,BCI,AMPLITUD,LTRENDIDX,M,2020-10-01,101.2267,
CHL,BCI,AMPLITUD,LTRENDIDX,M,2020-11-01,101.4772,
CHL,BCI,AMPLITUD,LTRENDIDX,M,2020-12-01,101.4849,
CHL,BCI,AMPLITUD,LTRENDIDX,M,2021-01-01,101.8896,
CHL,BCI,AMPLITUD,LTRENDIDX,M,2021-02-01,102.2948,
CHL,BCI,AMPLITUD,LTRENDIDX,M,2021-03-01,102.3285,
CHL,BCI,AMPLITUD,LTRENDIDX,M,2021-04-01,101.7876,
EST,BCI,AMPLITUD,LTRENDIDX,M,2020-01-01,96.50829,
EST,BCI,AMPLITUD,LTRENDIDX,M,2020-02-01,96.4396,
EST,BCI,AMPLITUD,LTRENDIDX,M,2020-03-01,94.68392,
EST,BCI,AMPLITUD,LTRENDIDX,M,2020-04-01,91.47099,
EST,BCI,AMPLITUD,LTRENDIDX,M,2020-05-01,90.14233,
EST,BCI,AMPLITUD,LTRENDIDX,M,2020-06-01,91.02593,
EST,BCI,AMPLITUD,LTRENDIDX,M,2020-07-01,92.92654,
EST,BCI,AMPLITUD,LTRENDIDX,M,2020-08-01,94.69772,
EST,BCI,AMPLITUD,LTRENDIDX,M,2020-09-01,96.02318,
EST,BCI,AMPLITUD,LTRENDIDX,M,2020-10-01,97.16428,
EST,BCI,AMPLITUD,LTRENDIDX,M,2020-11-01,98.21621,
EST,BCI,AMPLITUD,LTRENDIDX,M,2020-12-01,99.22702,
EST,BCI,AMPLITUD,LTRENDIDX,M,2021-01-01,99.92123,
EST,BCI,AMPLITUD,LTRENDIDX,M,2021-02-01,100.4662,
EST,BCI,AMPLITUD,LTRENDIDX,M,2021-03-01,101.521,
EST,BCI,AMPLITUD,LTRENDIDX,M,2021-04-01,103.3362,
IDN,BCI,AMPLITUD,LTRENDIDX,M,2020-01-01,98.56335,
IDN,BCI,AMPLITUD,LTRENDIDX,M,2020-02-01,98.1417,
IDN,BCI,AMPLITUD,LTRENDIDX,M,2020-03-01,97.61347,
IDN,BCI,AMPLITUD,LTRENDIDX,M,2020-04-01,97.04026,
IDN,BCI,AMPLITUD,LTRENDIDX,M,2020-05-01,96.56489,
IDN,BCI,AMPLITUD,LTRENDIDX,M,2020-06-01,96.40955,
IDN,BCI,AMPLITUD,LTRENDIDX,M,2020-07-01,96.77615,
IDN,BCI,AMPLITUD,LTRENDIDX,M,2020-08-01,97.42654,
IDN,BCI,AMPLITUD,LTRENDIDX,M,2020-09-01,98.08734,
IDN,BCI,AMPLITUD,LTRENDIDX,M,2020-10-01,98.57095,
IDN,BCI,AMPLITUD,LTRENDIDX,M,2020-11-01,98.8861,
IDN,BCI,AMPLITUD,LTRENDIDX,M,2020-12-01,99.04122,
IDN,BCI,AMPLITUD,LTRENDIDX,M,2021-01-01,99.01616,
IDN,BCI,AMPLITUD,LTRENDIDX,M,2021-02-01,98.894,
IDN,BCI,AMPLITUD,LTRENDIDX,M,2021-03-01,98.74211,
GRC,BCI,AMPLITUD,LTRENDIDX,M,2020-01-01,102.1162,
GRC,BCI,AMPLITUD,LTRENDIDX,M,2020-02-01,102.0294,
GRC,BCI,AMPLITUD,LTRENDIDX,M,2020-03-01,101.1906,
GRC,BCI,AMPLITUD,LTRENDIDX,M,2020-04-01,99.52139,
GRC,BCI,AMPLITUD,LTRENDIDX,M,2020-05-01,97.78712,
GRC,BCI,AMPLITUD,LTRENDIDX,M,2020-06-01,96.86272,
GRC,BCI,AMPLITUD,LTRENDIDX,M,2020-07-01,96.75935,
GRC,BCI,AMPLITUD,LTRENDIDX,M,2020-08-01,96.80302,
GRC,BCI,AMPLITUD,LTRENDIDX,M,2020-09-01,97.06389,
GRC,BCI,AMPLITUD,LTRENDIDX,M,2020-10-01,97.70496,
GRC,BCI,AMPLITUD,LTRENDIDX,M,2020-11-01,98.00281,
GRC,BCI,AMPLITUD,LTRENDIDX,M,2020-12-01,98.22062,
GRC,BCI,AMPLITUD,LTRENDIDX,M,2021-01-01,98.37099,
GRC,BCI,AMPLITUD,LTRENDIDX,M,2021-02-01,98.57836,
GRC,BCI,AMPLITUD,LTRENDIDX,M,2021-03-01,99.01143,
GRC,BCI,AMPLITUD,LTRENDIDX,M,2021-04-01,99.51007,
AUT,BCI,AMPLITUD,LTRENDIDX,M,2020-01-01,99.36726,
AUT,BCI,AMPLITUD,LTRENDIDX,M,2020-02-01,99.12119,
AUT,BCI,AMPLITUD,LTRENDIDX,M,2020-03-01,98.31364,
AUT,BCI,AMPLITUD,LTRENDIDX,M,2020-04-01,97.26689,
AUT,BCI,AMPLITUD,LTRENDIDX,M,2020-05-01,96.97405,
AUT,BCI,AMPLITUD,LTRENDIDX,M,2020-06-01,97.30939,
AUT,BCI,AMPLITUD,LTRENDIDX,M,2020-07-01,97.73476,
AUT,BCI,AMPLITUD,LTRENDIDX,M,2020-08-01,98.02801,
AUT,BCI,AMPLITUD,LTRENDIDX,M,2020-09-01,98.21212,
AUT,BCI,AMPLITUD,LTRENDIDX,M,2020-10-01,98.42451,
AUT,BCI,AMPLITUD,LTRENDIDX,M,2020-11-01,98.6886,
AUT,BCI,AMPLITUD,LTRENDIDX,M,2020-12-01,99.0855,
AUT,BCI,AMPLITUD,LTRENDIDX,M,2021-01-01,99.46043,
AUT,BCI,AMPLITUD,LTRENDIDX,M,2021-02-01,100.0303,
AUT,BCI,AMPLITUD,LTRENDIDX,M,2021-03-01,100.9943,
AUT,BCI,AMPLITUD,LTRENDIDX,M,2021-04-01,102.1999,
SVN,BCI,AMPLITUD,LTRENDIDX,M,2020-01-01,99.56126,
SVN,BCI,AMPLITUD,LTRENDIDX,M,2020-02-01,98.80459,
SVN,BCI,AMPLITUD,LTRENDIDX,M,2020-03-01,96.87821,
SVN,BCI,AMPLITUD,LTRENDIDX,M,2020-04-01,94.65049,
SVN,BCI,AMPLITUD,LTRENDIDX,M,2020-05-01,94.29057,
SVN,BCI,AMPLITUD,LTRENDIDX,M,2020-06-01,95.30422,
SVN,BCI,AMPLITUD,LTRENDIDX,M,2020-07-01,97.02705,
SVN,BCI,AMPLITUD,LTRENDIDX,M,2020-08-01,98.62553,
SVN,BCI,AMPLITUD,LTRENDIDX,M,2020-09-01,99.50754,
SVN,BCI,AMPLITUD,LTRENDIDX,M,2020-10-01,99.67509,
SVN,BCI,AMPLITUD,LTRENDIDX,M,2020-11-01,99.57077,
SVN,BCI,AMPLITUD,LTRENDIDX,M,2020-12-01,99.75414,
SVN,BCI,AMPLITUD,LTRENDIDX,M,2021-01-01,100.3296,
SVN,BCI,AMPLITUD,LTRENDIDX,M,2021-02-01,101.1792,
SVN,BCI,AMPLITUD,LTRENDIDX,M,2021-03-01,102.5062,
SVN,BCI,AMPLITUD,LTRENDIDX,M,2021-04-01,104.1411,
NZL,BCI,AMPLITUD,LTRENDIDX,M,2020-01-01,98.40678,
NZL,BCI,AMPLITUD,LTRENDIDX,M,2020-02-01,97.82652,
NZL,BCI,AMPLITUD,LTRENDIDX,M,2020-03-01,97.27819,
NZL,BCI,AMPLITUD,LTRENDIDX,M,2020-04-01,96.96643,
NZL,BCI,AMPLITUD,LTRENDIDX,M,2020-05-01,96.9022,
NZL,BCI,AMPLITUD,LTRENDIDX,M,2020-06-01,97.13573,
NZL,BCI,AMPLITUD,LTRENDIDX,M,2020-07-01,97.74199,
NZL,BCI,AMPLITUD,LTRENDIDX,M,2020-08-01,98.50827,
NZL,BCI,AMPLITUD,LTRENDIDX,M,2020-09-01,99.19196,
NZL,BCI,AMPLITUD,LTRENDIDX,M,2020-10-01,99.61807,
NZL,BCI,AMPLITUD,LTRENDIDX,M,2020-11-01,99.85951,
NZL,BCI,AMPLITUD,LTRENDIDX,M,2020-12-01,99.99812,
NZL,BCI,AMPLITUD,LTRENDIDX,M,2021-01-01,100.0705,
NZL,BCI,AMPLITUD,LTRENDIDX,M,2021-02-01,100.1164,
NZL,BCI,AMPLITUD,LTRENDIDX,M,2021-03-01,100.1568,
TUR,BCI,AMPLITUD,LTRENDIDX,M,2020-01-01,98.90953,
TUR,BCI,AMPLITUD,LTRENDIDX,M,2020-02-01,96.80166,
TUR,BCI,AMPLITUD,LTRENDIDX,M,2020-03-01,92.8828,
TUR,BCI,AMPLITUD,LTRENDIDX,M,2020-04-01,88.94182,
TUR,BCI,AMPLITUD,LTRENDIDX,M,2020-05-01,89.91978,
TUR,BCI,AMPLITUD,LTRENDIDX,M,2020-06-01,94.28806,
TUR,BCI,AMPLITUD,LTRENDIDX,M,2020-07-01,98.35916,
TUR,BCI,AMPLITUD,LTRENDIDX,M,2020-08-01,100.827,
TUR,BCI,AMPLITUD,LTRENDIDX,M,2020-09-01,101.5763,
TUR,BCI,AMPLITUD,LTRENDIDX,M,2020-10-01,101.6266,
TUR,BCI,AMPLITUD,LTRENDIDX,M,2020-11-01,101.1659,
TUR,BCI,AMPLITUD,LTRENDIDX,M,2020-12-01,101.0315,
TUR,BCI,AMPLITUD,LTRENDIDX,M,2021-01-01,100.7236,
TUR,BCI,AMPLITUD,LTRENDIDX,M,2021-02-01,100.4602,
TUR,BCI,AMPLITUD,LTRENDIDX,M,2021-03-01,100.5272,
SVK,BCI,AMPLITUD,LTRENDIDX,M,2020-01-01,99.00433,
SVK,BCI,AMPLITUD,LTRENDIDX,M,2020-02-01,97.92462,
SVK,BCI,AMPLITUD,LTRENDIDX,M,2020-03-01,95.2513,
SVK,BCI,AMPLITUD,LTRENDIDX,M,2020-04-01,91.9423,
SVK,BCI,AMPLITUD,LTRENDIDX,M,2020-05-01,92.08714,
SVK,BCI,AMPLITUD,LTRENDIDX,M,2020-06-01,94.54887,
SVK,BCI,AMPLITUD,LTRENDIDX,M,2020-07-01,96.89681,
SVK,BCI,AMPLITUD,LTRENDIDX,M,2020-08-01,98.24252,
SVK,BCI,AMPLITUD,LTRENDIDX,M,2020-09-01,98.79675,
SVK,BCI,AMPLITUD,LTRENDIDX,M,2020-10-01,99.7142,
SVK,BCI,AMPLITUD,LTRENDIDX,M,2020-11-01,99.97964,
SVK,BCI,AMPLITUD,LTRENDIDX,M,2020-12-01,99.30026,
SVK,BCI,AMPLITUD,LTRENDIDX,M,2021-01-01,98.49484,
SVK,BCI,AMPLITUD,LTRENDIDX,M,2021-02-01,98.32793,
SVK,BCI,AMPLITUD,LTRENDIDX,M,2021-03-01,99.30329,
SVK,BCI,AMPLITUD,LTRENDIDX,M,2021-04-01,101.4142,
DNK,BCI,AMPLITUD,LTRENDIDX,M,2020-01-01,100.3709,
DNK,BCI,AMPLITUD,LTRENDIDX,M,2020-02-01,100.222,
DNK,BCI,AMPLITUD,LTRENDIDX,M,2020-03-01,99.54354,
DNK,BCI,AMPLITUD,LTRENDIDX,M,2020-04-01,98.55606,
DNK,BCI,AMPLITUD,LTRENDIDX,M,2020-05-01,98.11738,
DNK,BCI,AMPLITUD,LTRENDIDX,M,2020-06-01,98.42848,
DNK,BCI,AMPLITUD,LTRENDIDX,M,2020-07-01,98.9726,
DNK,BCI,AMPLITUD,LTRENDIDX,M,2020-08-01,99.26994,
DNK,BCI,AMPLITUD,LTRENDIDX,M,2020-09-01,99.53259,
DNK,BCI,AMPLITUD,LTRENDIDX,M,2020-10-01,99.85094,
DNK,BCI,AMPLITUD,LTRENDIDX,M,2020-11-01,100.1308,
DNK,BCI,AMPLITUD,LTRENDIDX,M,2020-12-01,100.558,
DNK,BCI,AMPLITUD,LTRENDIDX,M,2021-01-01,100.8518,
DNK,BCI,AMPLITUD,LTRENDIDX,M,2021-02-01,101.0704,
DNK,BCI,AMPLITUD,LTRENDIDX,M,2021-03-01,101.3672,
DNK,BCI,AMPLITUD,LTRENDIDX,M,2021-04-01,101.7051,
IND,BCI,AMPLITUD,LTRENDIDX,M,2020-01-01,89.83786,
IND,BCI,AMPLITUD,LTRENDIDX,M,2020-02-01,88.61509,
IND,BCI,AMPLITUD,LTRENDIDX,M,2020-03-01,89.31459,
IND,BCI,AMPLITUD,LTRENDIDX,M,2020-04-01,91.17365,
IND,BCI,AMPLITUD,LTRENDIDX,M,2020-05-01,93.29476,
IND,BCI,AMPLITUD,LTRENDIDX,M,2020-06-01,95.11975,
IND,BCI,AMPLITUD,LTRENDIDX,M,2020-07-01,96.64177,
IND,BCI,AMPLITUD,LTRENDIDX,M,2020-08-01,97.95902,
IND,BCI,AMPLITUD,LTRENDIDX,M,2020-09-01,99.13137,
IND,BCI,AMPLITUD,LTRENDIDX,M,2020-10-01,100.2418,
IND,BCI,AMPLITUD,LTRENDIDX,M,2020-11-01,101.3374,
CZE,BCI,AMPLITUD,LTRENDIDX,M,2020-01-01,98.58596,
CZE,BCI,AMPLITUD,LTRENDIDX,M,2020-02-01,98.02161,
CZE,BCI,AMPLITUD,LTRENDIDX,M,2020-03-01,96.73379,
CZE,BCI,AMPLITUD,LTRENDIDX,M,2020-04-01,95.08453,
CZE,BCI,AMPLITUD,LTRENDIDX,M,2020-05-01,94.50637,
CZE,BCI,AMPLITUD,LTRENDIDX,M,2020-06-01,95.13493,
CZE,BCI,AMPLITUD,LTRENDIDX,M,2020-07-01,96.85966,
CZE,BCI,AMPLITUD,LTRENDIDX,M,2020-08-01,98.08487,
CZE,BCI,AMPLITUD,LTRENDIDX,M,2020-09-01,98.59262,
CZE,BCI,AMPLITUD,LTRENDIDX,M,2020-10-01,98.67197,
CZE,BCI,AMPLITUD,LTRENDIDX,M,2020-11-01,98.5718,
CZE,BCI,AMPLITUD,LTRENDIDX,M,2020-12-01,98.71679,
CZE,BCI,AMPLITUD,LTRENDIDX,M,2021-01-01,98.94131,
CZE,BCI,AMPLITUD,LTRENDIDX,M,2021-02-01,99.28949,
CZE,BCI,AMPLITUD,LTRENDIDX,M,2021-03-01,99.67253,
CZE,BCI,AMPLITUD,LTRENDIDX,M,2021-04-01,100.3082,
IRL,BCI,AMPLITUD,LTRENDIDX,M,2020-01-01,98.90563,
IRL,BCI,AMPLITUD,LTRENDIDX,M,2020-02-01,98.44417,
IRL,BCI,AMPLITUD,LTRENDIDX,M,2020-03-01,96.29074,
IRL,BCI,AMPLITUD,LTRENDIDX,M,2020-04-01,92.76711,
IRL,BCI,AMPLITUD,LTRENDIDX,M,2020-05-01,91.86716,
IRL,BCI,AMPLITUD,LTRENDIDX,M,2020-06-01,92.72755,
IRL,BCI,AMPLITUD,LTRENDIDX,M,2020-07-01,93.95814,
IRL,BCI,AMPLITUD,LTRENDIDX,M,2020-08-01,95.09946,
IRL,BCI,AMPLITUD,LTRENDIDX,M,2020-09-01,95.70117,
IRL,BCI,AMPLITUD,LTRENDIDX,M,2020-10-01,96.09691,
IRL,BCI,AMPLITUD,LTRENDIDX,M,2020-11-01,96.58615,
IRL,BCI,AMPLITUD,LTRENDIDX,M,2020-12-01,96.69858,
IRL,BCI,AMPLITUD,LTRENDIDX,M,2021-01-01,96.68273,
IRL,BCI,AMPLITUD,LTRENDIDX,M,2021-02-01,97.3627,
IRL,BCI,AMPLITUD,LTRENDIDX,M,2021-03-01,99.41225,
IRL,BCI,AMPLITUD,LTRENDIDX,M,2021-04-01,102.6748,
AUS,BCI,AMPLITUD,LTRENDIDX,M,2020-01-01,100.1489,
AUS,BCI,AMPLITUD,LTRENDIDX,M,2020-02-01,99.31912,
AUS,BCI,AMPLITUD,LTRENDIDX,M,2020-03-01,98.6156,
AUS,BCI,AMPLITUD,LTRENDIDX,M,2020-04-01,98.11472,
AUS,BCI,AMPLITUD,LTRENDIDX,M,2020-05-01,97.94491,
AUS,BCI,AMPLITUD,LTRENDIDX,M,2020-06-01,98.25741,
AUS,BCI,AMPLITUD,LTRENDIDX,M,2020-07-01,98.86584,
AUS,BCI,AMPLITUD,LTRENDIDX,M,2020-08-01,99.59988,
AUS,BCI,AMPLITUD,LTRENDIDX,M,2020-09-01,100.363,
AUS,BCI,AMPLITUD,LTRENDIDX,M,2020-10-01,101.0645,
AUS,BCI,AMPLITUD,LTRENDIDX,M,2020-11-01,101.5908,
AUS,BCI,AMPLITUD,LTRENDIDX,M,2020-12-01,101.8377,
AUS,BCI,AMPLITUD,LTRENDIDX,M,2021-01-01,101.9187,
AUS,BCI,AMPLITUD,LTRENDIDX,M,2021-02-01,101.9447,
CHE,BCI,AMPLITUD,LTRENDIDX,M,2020-01-01,100.2517,
CHE,BCI,AMPLITUD,LTRENDIDX,M,2020-02-01,99.94254,
CHE,BCI,AMPLITUD,LTRENDIDX,M,2020-03-01,99.28474,
CHE,BCI,AMPLITUD,LTRENDIDX,M,2020-04-01,98.51494,
CHE,BCI,AMPLITUD,LTRENDIDX,M,2020-05-01,98.23432,
CHE,BCI,AMPLITUD,LTRENDIDX,M,2020-06-01,98.53231,
CHE,BCI,AMPLITUD,LTRENDIDX,M,2020-07-01,98.92593,
CHE,BCI,AMPLITUD,LTRENDIDX,M,2020-08-01,99.20393,
CHE,BCI,AMPLITUD,LTRENDIDX,M,2020-09-01,99.43133,
CHE,BCI,AMPLITUD,LTRENDIDX,M,2020-10-01,99.69629,
CHE,BCI,AMPLITUD,LTRENDIDX,M,2020-11-01,99.90633,
CHE,BCI,AMPLITUD,LTRENDIDX,M,2020-12-01,100.1082,
CHE,BCI,AMPLITUD,LTRENDIDX,M,2021-01-01,100.379,
CHE,BCI,AMPLITUD,LTRENDIDX,M,2021-02-01,100.8015,
CHE,BCI,AMPLITUD,LTRENDIDX,M,2021-03-01,101.431,
CHE,BCI,AMPLITUD,LTRENDIDX,M,2021-04-01,102.2247,
OECD,BCI,AMPLITUD,LTRENDIDX,M,2020-01-01,99.3956,
OECD,BCI,AMPLITUD,LTRENDIDX,M,2020-02-01,98.98992,
OECD,BCI,AMPLITUD,LTRENDIDX,M,2020-03-01,98.0813,
OECD,BCI,AMPLITUD,LTRENDIDX,M,2020-04-01,97.04005,
OECD,BCI,AMPLITUD,LTRENDIDX,M,2020-05-01,96.8972,
OECD,BCI,AMPLITUD,LTRENDIDX,M,2020-06-01,97.55715,
OECD,BCI,AMPLITUD,LTRENDIDX,M,2020-07-01,98.35853,
OECD,BCI,AMPLITUD,LTRENDIDX,M,2020-08-01,98.96628,
OECD,BCI,AMPLITUD,LTRENDIDX,M,2020-09-01,99.36658,
OECD,BCI,AMPLITUD,LTRENDIDX,M,2020-10-01,99.65584,
OECD,BCI,AMPLITUD,LTRENDIDX,M,2020-11-01,99.77729,
OECD,BCI,AMPLITUD,LTRENDIDX,M,2020-12-01,99.95457,
OECD,BCI,AMPLITUD,LTRENDIDX,M,2021-01-01,100.1674,
OECD,BCI,AMPLITUD,LTRENDIDX,M,2021-02-01,100.5922,
OECD,BCI,AMPLITUD,LTRENDIDX,M,2021-03-01,101.2386,
BRA,BCI,AMPLITUD,LTRENDIDX,M,2020-01-01,100.5477,
BRA,BCI,AMPLITUD,LTRENDIDX,M,2020-02-01,99.8866,
BRA,BCI,AMPLITUD,LTRENDIDX,M,2020-03-01,98.14897,
BRA,BCI,AMPLITUD,LTRENDIDX,M,2020-04-01,95.79482,
BRA,BCI,AMPLITUD,LTRENDIDX,M,2020-05-01,95.19166,
BRA,BCI,AMPLITUD,LTRENDIDX,M,2020-06-01,96.39362,
BRA,BCI,AMPLITUD,LTRENDIDX,M,2020-07-01,98.27995,
BRA,BCI,AMPLITUD,LTRENDIDX,M,2020-08-01,100.0635,
BRA,BCI,AMPLITUD,LTRENDIDX,M,2020-09-01,101.4453,
BRA,BCI,AMPLITUD,LTRENDIDX,M,2020-10-01,102.3202,
BRA,BCI,AMPLITUD,LTRENDIDX,M,2020-11-01,102.7336,
BRA,BCI,AMPLITUD,LTRENDIDX,M,2020-12-01,102.7593,
BRA,BCI,AMPLITUD,LTRENDIDX,M,2021-01-01,102.4037,
BRA,BCI,AMPLITUD,LTRENDIDX,M,2021-02-01,101.8817,
BRA,BCI,AMPLITUD,LTRENDIDX,M,2021-03-01,101.3698,
BRA,BCI,AMPLITUD,LTRENDIDX,M,2021-04-01,100.9591,
NLD,BCI,AMPLITUD,LTRENDIDX,M,2020-01-01,100.6484,
NLD,BCI,AMPLITUD,LTRENDIDX,M,2020-02-01,100.2615,
NLD,BCI,AMPLITUD,LTRENDIDX,M,2020-03-01,99.31673,
NLD,BCI,AMPLITUD,LTRENDIDX,M,2020-04-01,98.02649,
NLD,BCI,AMPLITUD,LTRENDIDX,M,2020-05-01,97.58224,
NLD,BCI,AMPLITUD,LTRENDIDX,M,2020-06-01,97.93961,
NLD,BCI,AMPLITUD,LTRENDIDX,M,2020-07-01,98.55354,
NLD,BCI,AMPLITUD,LTRENDIDX,M,2020-08-01,99.02441,
NLD,BCI,AMPLITUD,LTRENDIDX,M,2020-09-01,99.22587,
NLD,BCI,AMPLITUD,LTRENDIDX,M,2020-10-01,99.29936,
NLD,BCI,AMPLITUD,LTRENDIDX,M,2020-11-01,99.40903,
NLD,BCI,AMPLITUD,LTRENDIDX,M,2020-12-01,99.5955,
NLD,BCI,AMPLITUD,LTRENDIDX,M,2021-01-01,99.78255,
NLD,BCI,AMPLITUD,LTRENDIDX,M,2021-02-01,100.0415,
NLD,BCI,AMPLITUD,LTRENDIDX,M,2021-03-01,100.5933,
NLD,BCI,AMPLITUD,LTRENDIDX,M,2021-04-01,101.4185,
DEU,BCI,AMPLITUD,LTRENDIDX,M,2020-01-01,99.17921,
DEU,BCI,AMPLITUD,LTRENDIDX,M,2020-02-01,98.97295,
DEU,BCI,AMPLITUD,LTRENDIDX,M,2020-03-01,98.32316,
DEU,BCI,AMPLITUD,LTRENDIDX,M,2020-04-01,97.55621,
DEU,BCI,AMPLITUD,LTRENDIDX,M,2020-05-01,97.44814,
DEU,BCI,AMPLITUD,LTRENDIDX,M,2020-06-01,97.88673,
DEU,BCI,AMPLITUD,LTRENDIDX,M,2020-07-01,98.55489,
DEU,BCI,AMPLITUD,LTRENDIDX,M,2020-08-01,99.19794,
DEU,BCI,AMPLITUD,LTRENDIDX,M,2020-09-01,99.68768,
DEU,BCI,AMPLITUD,LTRENDIDX,M,2020-10-01,100.0329,
DEU,BCI,AMPLITUD,LTRENDIDX,M,2020-11-01,100.2558,
DEU,BCI,AMPLITUD,LTRENDIDX,M,2020-12-01,100.5304,
DEU,BCI,AMPLITUD,LTRENDIDX,M,2021-01-01,100.9467,
DEU,BCI,AMPLITUD,LTRENDIDX,M,2021-02-01,101.6151,
DEU,BCI,AMPLITUD,LTRENDIDX,M,2021-03-01,102.4724,
DEU,BCI,AMPLITUD,LTRENDIDX,M,2021-04-01,103.3849,
EA19,BCI,AMPLITUD,LTRENDIDX,M,2020-01-01,99.49977,
EA19,BCI,AMPLITUD,LTRENDIDX,M,2020-02-01,99.04826,
EA19,BCI,AMPLITUD,LTRENDIDX,M,2020-03-01,97.82229,
EA19,BCI,AMPLITUD,LTRENDIDX,M,2020-04-01,96.30648,
EA19,BCI,AMPLITUD,LTRENDIDX,M,2020-05-01,95.9686,
EA19,BCI,AMPLITUD,LTRENDIDX,M,2020-06-01,96.57375,
EA19,BCI,AMPLITUD,LTRENDIDX,M,2020-07-01,97.49342,
EA19,BCI,AMPLITUD,LTRENDIDX,M,2020-08-01,98.26958,
EA19,BCI,AMPLITUD,LTRENDIDX,M,2020-09-01,98.76534,
EA19,BCI,AMPLITUD,LTRENDIDX,M,2020-10-01,99.06252,
EA19,BCI,AMPLITUD,LTRENDIDX,M,2020-11-01,99.24345,
EA19,BCI,AMPLITUD,LTRENDIDX,M,2020-12-01,99.52975,
EA19,BCI,AMPLITUD,LTRENDIDX,M,2021-01-01,99.92306,
EA19,BCI,AMPLITUD,LTRENDIDX,M,2021-02-01,100.5925,
EA19,BCI,AMPLITUD,LTRENDIDX,M,2021-03-01,101.6203,
EA19,BCI,AMPLITUD,LTRENDIDX,M,2021-04-01,102.9069,
CAN,BCI,AMPLITUD,LTRENDIDX,M,2020-01-01,98.00291,
CAN,BCI,AMPLITUD,LTRENDIDX,M,2020-02-01,97.14138,
CAN,BCI,AMPLITUD,LTRENDIDX,M,2020-03-01,96.19936,
CAN,BCI,AMPLITUD,LTRENDIDX,M,2020-04-01,95.41766,
CAN,BCI,AMPLITUD,LTRENDIDX,M,2020-05-01,95.00531,
CAN,BCI,AMPLITUD,LTRENDIDX,M,2020-06-01,94.88936,
CAN,BCI,AMPLITUD,LTRENDIDX,M,2020-07-01,95.03041,
CAN,BCI,AMPLITUD,LTRENDIDX,M,2020-08-01,95.4419,
CAN,BCI,AMPLITUD,LTRENDIDX,M,2020-09-01,95.95226,
CAN,BCI,AMPLITUD,LTRENDIDX,M,2020-10-01,96.37389,
CAN,BCI,AMPLITUD,LTRENDIDX,M,2020-11-01,96.5733,
CAN,BCI,AMPLITUD,LTRENDIDX,M,2020-12-01,96.62991,
CAN,BCI,AMPLITUD,LTRENDIDX,M,2021-01-01,96.63667,
ISR,BCI,AMPLITUD,LTRENDIDX,M,2020-01-01,102.1244,
ISR,BCI,AMPLITUD,LTRENDIDX,M,2020-02-01,101.6744,
ISR,BCI,AMPLITUD,LTRENDIDX,M,2020-03-01,100.6891,
ISR,BCI,AMPLITUD,LTRENDIDX,M,2020-04-01,99.93724,
ISR,BCI,AMPLITUD,LTRENDIDX,M,2020-05-01,99.66271,
ISR,BCI,AMPLITUD,LTRENDIDX,M,2020-06-01,99.75353,
ISR,BCI,AMPLITUD,LTRENDIDX,M,2020-07-01,99.92972,
ISR,BCI,AMPLITUD,LTRENDIDX,M,2020-08-01,100.1149,
ISR,BCI,AMPLITUD,LTRENDIDX,M,2020-09-01,100.2602,
ISR,BCI,AMPLITUD,LTRENDIDX,M,2020-10-01,100.5278,
ISR,BCI,AMPLITUD,LTRENDIDX,M,2020-11-01,100.8161,
ISR,BCI,AMPLITUD,LTRENDIDX,M,2020-12-01,101.075,
ISR,BCI,AMPLITUD,LTRENDIDX,M,2021-01-01,101.4014,
ISR,BCI,AMPLITUD,LTRENDIDX,M,2021-02-01,101.7685,
ISR,BCI,AMPLITUD,LTRENDIDX,M,2021-03-01,102.2453,
LVA,BCI,AMPLITUD,LTRENDIDX,M,2020-01-01,102.5362,
LVA,BCI,AMPLITUD,LTRENDIDX,M,2020-02-01,102.0817,
LVA,BCI,AMPLITUD,LTRENDIDX,M,2020-03-01,100.3132,
LVA,BCI,AMPLITUD,LTRENDIDX,M,2020-04-01,98.01633,
LVA,BCI,AMPLITUD,LTRENDIDX,M,2020-05-01,97.40408,
LVA,BCI,AMPLITUD,LTRENDIDX,M,2020-06-01,98.05093,
LVA,BCI,AMPLITUD,LTRENDIDX,M,2020-07-01,99.22272,
LVA,BCI,AMPLITUD,LTRENDIDX,M,2020-08-01,100.1275,
LVA,BCI,AMPLITUD,LTRENDIDX,M,2020-09-01,100.7344,
LVA,BCI,AMPLITUD,LTRENDIDX,M,2020-10-01,100.7131,
LVA,BCI,AMPLITUD,LTRENDIDX,M,2020-11-01,100.4656,
LVA,BCI,AMPLITUD,LTRENDIDX,M,2020-12-01,100.1726,
LVA,BCI,AMPLITUD,LTRENDIDX,M,2021-01-01,100.0012,
LVA,BCI,AMPLITUD,LTRENDIDX,M,2021-02-01,100.242,
LVA,BCI,AMPLITUD,LTRENDIDX,M,2021-03-01,101.2856,
LVA,BCI,AMPLITUD,LTRENDIDX,M,2021-04-01,103.1083,
LTU,BCI,AMPLITUD,LTRENDIDX,M,2020-01-01,102.786,
LTU,BCI,AMPLITUD,LTRENDIDX,M,2020-02-01,102.1835,
LTU,BCI,AMPLITUD,LTRENDIDX,M,2020-03-01,100.4183,
LTU,BCI,AMPLITUD,LTRENDIDX,M,2020-04-01,98.48768,
LTU,BCI,AMPLITUD,LTRENDIDX,M,2020-05-01,98.18164,
LTU,BCI,AMPLITUD,LTRENDIDX,M,2020-06-01,98.71432,
LTU,BCI,AMPLITUD,LTRENDIDX,M,2020-07-01,99.32075,
LTU,BCI,AMPLITUD,LTRENDIDX,M,2020-08-01,99.74967,
LTU,BCI,AMPLITUD,LTRENDIDX,M,2020-09-01,100.1699,
LTU,BCI,AMPLITUD,LTRENDIDX,M,2020-10-01,100.6048,
LTU,BCI,AMPLITUD,LTRENDIDX,M,2020-11-01,100.8537,
LTU,BCI,AMPLITUD,LTRENDIDX,M,2020-12-01,101.2535,
LTU,BCI,AMPLITUD,LTRENDIDX,M,2021-01-01,101.8148,
LTU,BCI,AMPLITUD,LTRENDIDX,M,2021-02-01,102.3001,
LTU,BCI,AMPLITUD,LTRENDIDX,M,2021-03-01,103.0306,
LTU,BCI,AMPLITUD,LTRENDIDX,M,2021-04-01,104.1611,
COL,BCI,AMPLITUD,LTRENDIDX,M,2020-01-01,100.5647,
COL,BCI,AMPLITUD,LTRENDIDX,M,2020-02-01,99.49404,
COL,BCI,AMPLITUD,LTRENDIDX,M,2020-03-01,97.88362,
COL,BCI,AMPLITUD,LTRENDIDX,M,2020-04-01,97.18656,
COL,BCI,AMPLITUD,LTRENDIDX,M,2020-05-01,97.47018,
COL,BCI,AMPLITUD,LTRENDIDX,M,2020-06-01,98.09027,
COL,BCI,AMPLITUD,LTRENDIDX,M,2020-07-01,98.9358,
COL,BCI,AMPLITUD,LTRENDIDX,M,2020-08-01,99.66074,
COL,BCI,AMPLITUD,LTRENDIDX,M,2020-09-01,100.0177,
COL,BCI,AMPLITUD,LTRENDIDX,M,2020-10-01,100.0381,
COL,BCI,AMPLITUD,LTRENDIDX,M,2020-11-01,99.96801,
COL,BCI,AMPLITUD,LTRENDIDX,M,2020-12-01,99.99961,
COL,BCI,AMPLITUD,LTRENDIDX,M,2021-01-01,100.1892,
COL,BCI,AMPLITUD,LTRENDIDX,M,2021-02-01,100.4573,
COL,BCI,AMPLITUD,LTRENDIDX,M,2021-03-01,100.6992,
CRI,BCI,AMPLITUD,LTRENDIDX,M,2020-01-01,98.10239,
CRI,BCI,AMPLITUD,LTRENDIDX,M,2020-02-01,98.83145,
CRI,BCI,AMPLITUD,LTRENDIDX,M,2020-03-01,99.21442,
CRI,BCI,AMPLITUD,LTRENDIDX,M,2020-04-01,99.31226,
CRI,BCI,AMPLITUD,LTRENDIDX,M,2020-05-01,99.15116,
CRI,BCI,AMPLITUD,LTRENDIDX,M,2020-06-01,98.67754,
CRI,BCI,AMPLITUD,LTRENDIDX,M,2020-07-01,97.97197,
CRI,BCI,AMPLITUD,LTRENDIDX,M,2020-08-01,97.07059,
CRI,BCI,AMPLITUD,LTRENDIDX,M,2020-09-01,96.01843,
CRI,BCI,AMPLITUD,LTRENDIDX,M,2020-10-01,95.11862,
CRI,BCI,AMPLITUD,LTRENDIDX,M,2020-11-01,94.84993,
CRI,BCI,AMPLITUD,LTRENDIDX,M,2020-12-01,95.632,
CRI,BCI,AMPLITUD,LTRENDIDX,M,2021-01-01,96.95946,
CRI,BCI,AMPLITUD,LTRENDIDX,M,2021-02-01,98.23517,
CRI,BCI,AMPLITUD,LTRENDIDX,M,2021-03-01,99.058,
CRI,BCI,AMPLITUD,LTRENDIDX,M,2021-04-01,99.56245,
CRI,BCI,AMPLITUD,LTRENDIDX,M,2021-05-01,99.94966,
