LOCATION,INDICATOR,SUBJECT,MEASURE,FREQUENCY,TIME,Value,Flag Codes
NLD,CCI,AMPLITUD,LTRENDIDX,M,2020-01-01,99.94025,
NLD,CCI,AMPLITUD,LTRENDIDX,M,2020-02-01,99.80581,
NLD,CCI,AMPLITUD,LTRENDIDX,M,2020-03-01,99.30895,
NLD,CCI,AMPLITUD,LTRENDIDX,M,2020-04-01,98.62511,
NLD,CCI,AMPLITUD,LTRENDIDX,M,2020-05-01,98.43274,
NLD,CCI,AMPLITUD,LTRENDIDX,M,2020-06-01,98.54405,
NLD,CCI,AMPLITUD,LTRENDIDX,M,2020-07-01,98.69801,
NLD,CCI,AMPLITUD,LTRENDIDX,M,2020-08-01,98.79814,
NLD,CCI,AMPLITUD,LTRENDIDX,M,2020-09-01,98.85631,
NLD,CCI,AMPLITUD,LTRENDIDX,M,2020-10-01,98.93456,
NLD,CCI,AMPLITUD,LTRENDIDX,M,2020-11-01,99.22654,
NLD,CCI,AMPLITUD,LTRENDIDX,M,2020-12-01,99.57427,
NLD,CCI,AMPLITUD,LTRENDIDX,M,2021-01-01,99.81862,
NLD,CCI,AMPLITUD,LTRENDIDX,M,2021-02-01,100.0381,
NLD,CCI,AMPLITUD,LTRENDIDX,M,2021-03-01,100.4164,
NLD,CCI,AMPLITUD,LTRENDIDX,M,2021-04-01,100.9108,
CHE,CCI,AMPLITUD,LTRENDIDX,M,2020-01-01,99.59757,
CHE,CCI,AMPLITUD,LTRENDIDX,M,2020-02-01,99.15412,
CHE,CCI,AMPLITUD,LTRENDIDX,M,2020-03-01,98.01759,
CHE,CCI,AMPLITUD,LTRENDIDX,M,2020-04-01,96.67839,
CHE,CCI,AMPLITUD,LTRENDIDX,M,2020-05-01,95.82203,
CHE,CCI,AMPLITUD,LTRENDIDX,M,2020-06-01,95.98252,
CHE,CCI,AMPLITUD,LTRENDIDX,M,2020-07-01,96.71312,
CHE,CCI,AMPLITUD,LTRENDIDX,M,2020-08-01,97.45192,
CHE,CCI,AMPLITUD,LTRENDIDX,M,2020-09-01,97.81745,
CHE,CCI,AMPLITUD,LTRENDIDX,M,2020-10-01,97.89604,
CHE,CCI,AMPLITUD,LTRENDIDX,M,2020-11-01,97.83411,
CHE,CCI,AMPLITUD,LTRENDIDX,M,2020-12-01,97.71738,
CHE,CCI,AMPLITUD,LTRENDIDX,M,2021-01-01,97.59058,
CHE,CCI,AMPLITUD,LTRENDIDX,M,2021-02-01,97.46587,
FRA,CCI,AMPLITUD,LTRENDIDX,M,2020-01-01,99.98216,
FRA,CCI,AMPLITUD,LTRENDIDX,M,2020-02-01,99.58724,
FRA,CCI,AMPLITUD,LTRENDIDX,M,2020-03-01,98.74233,
FRA,CCI,AMPLITUD,LTRENDIDX,M,2020-04-01,97.88274,
FRA,CCI,AMPLITUD,LTRENDIDX,M,2020-05-01,97.80754,
FRA,CCI,AMPLITUD,LTRENDIDX,M,2020-06-01,98.25146,
FRA,CCI,AMPLITUD,LTRENDIDX,M,2020-07-01,98.65241,
FRA,CCI,AMPLITUD,LTRENDIDX,M,2020-08-01,98.85147,
FRA,CCI,AMPLITUD,LTRENDIDX,M,2020-09-01,98.8123,
FRA,CCI,AMPLITUD,LTRENDIDX,M,2020-10-01,98.45222,
FRA,CCI,AMPLITUD,LTRENDIDX,M,2020-11-01,98.13289,
FRA,CCI,AMPLITUD,LTRENDIDX,M,2020-12-01,98.26781,
FRA,CCI,AMPLITUD,LTRENDIDX,M,2021-01-01,98.28712,
FRA,CCI,AMPLITUD,LTRENDIDX,M,2021-02-01,98.51949,
FRA,CCI,AMPLITUD,LTRENDIDX,M,2021-03-01,99.17944,
FRA,CCI,AMPLITUD,LTRENDIDX,M,2021-04-01,99.9544,
POL,CCI,AMPLITUD,LTRENDIDX,M,2020-01-01,101.9693,
POL,CCI,AMPLITUD,LTRENDIDX,M,2020-02-01,101.409,
POL,CCI,AMPLITUD,LTRENDIDX,M,2020-03-01,100.3254,
POL,CCI,AMPLITUD,LTRENDIDX,M,2020-04-01,98.70929,
POL,CCI,AMPLITUD,LTRENDIDX,M,2020-05-01,98.09482,
POL,CCI,AMPLITUD,LTRENDIDX,M,2020-06-01,98.36661,
POL,CCI,AMPLITUD,LTRENDIDX,M,2020-07-01,98.84547,
POL,CCI,AMPLITUD,LTRENDIDX,M,2020-08-01,98.93897,
POL,CCI,AMPLITUD,LTRENDIDX,M,2020-09-01,98.66355,
POL,CCI,AMPLITUD,LTRENDIDX,M,2020-10-01,98.37436,
POL,CCI,AMPLITUD,LTRENDIDX,M,2020-11-01,98.13787,
POL,CCI,AMPLITUD,LTRENDIDX,M,2020-12-01,98.15846,
POL,CCI,AMPLITUD,LTRENDIDX,M,2021-01-01,98.328,
POL,CCI,AMPLITUD,LTRENDIDX,M,2021-02-01,98.71552,
POL,CCI,AMPLITUD,LTRENDIDX,M,2021-03-01,99.20142,
POL,CCI,AMPLITUD,LTRENDIDX,M,2021-04-01,99.83577,
CZE,CCI,AMPLITUD,LTRENDIDX,M,2020-01-01,102.4129,
CZE,CCI,AMPLITUD,LTRENDIDX,M,2020-02-01,101.9205,
CZE,CCI,AMPLITUD,LTRENDIDX,M,2020-03-01,101.1421,
CZE,CCI,AMPLITUD,LTRENDIDX,M,2020-04-01,100.2714,
CZE,CCI,AMPLITUD,LTRENDIDX,M,2020-05-01,100.265,
CZE,CCI,AMPLITUD,LTRENDIDX,M,2020-06-01,100.5417,
CZE,CCI,AMPLITUD,LTRENDIDX,M,2020-07-01,100.723,
CZE,CCI,AMPLITUD,LTRENDIDX,M,2020-08-01,100.5389,
CZE,CCI,AMPLITUD,LTRENDIDX,M,2020-09-01,100.0344,
CZE,CCI,AMPLITUD,LTRENDIDX,M,2020-10-01,99.29716,
CZE,CCI,AMPLITUD,LTRENDIDX,M,2020-11-01,98.9166,
CZE,CCI,AMPLITUD,LTRENDIDX,M,2020-12-01,98.98711,
CZE,CCI,AMPLITUD,LTRENDIDX,M,2021-01-01,98.96394,
CZE,CCI,AMPLITUD,LTRENDIDX,M,2021-02-01,98.98435,
CZE,CCI,AMPLITUD,LTRENDIDX,M,2021-03-01,99.32043,
CZE,CCI,AMPLITUD,LTRENDIDX,M,2021-04-01,100.1533,
JPN,CCI,AMPLITUD,LTRENDIDX,M,2020-01-01,98.84942,
JPN,CCI,AMPLITUD,LTRENDIDX,M,2020-02-01,98.00561,
JPN,CCI,AMPLITUD,LTRENDIDX,M,2020-03-01,96.49234,
JPN,CCI,AMPLITUD,LTRENDIDX,M,2020-04-01,95.13323,
JPN,CCI,AMPLITUD,LTRENDIDX,M,2020-05-01,94.87447,
JPN,CCI,AMPLITUD,LTRENDIDX,M,2020-06-01,95.36943,
JPN,CCI,AMPLITUD,LTRENDIDX,M,2020-07-01,95.95337,
JPN,CCI,AMPLITUD,LTRENDIDX,M,2020-08-01,96.46124,
JPN,CCI,AMPLITUD,LTRENDIDX,M,2020-09-01,96.97183,
JPN,CCI,AMPLITUD,LTRENDIDX,M,2020-10-01,97.24033,
JPN,CCI,AMPLITUD,LTRENDIDX,M,2020-11-01,97.20197,
JPN,CCI,AMPLITUD,LTRENDIDX,M,2020-12-01,96.97215,
JPN,CCI,AMPLITUD,LTRENDIDX,M,2021-01-01,96.91452,
JPN,CCI,AMPLITUD,LTRENDIDX,M,2021-02-01,97.30399,
JPN,CCI,AMPLITUD,LTRENDIDX,M,2021-03-01,97.72809,
JPN,CCI,AMPLITUD,LTRENDIDX,M,2021-04-01,97.95039,
OECDE,CCI,AMPLITUD,LTRENDIDX,M,2020-01-01,100.2664,
OECDE,CCI,AMPLITUD,LTRENDIDX,M,2020-02-01,99.91228,
OECDE,CCI,AMPLITUD,LTRENDIDX,M,2020-03-01,99.08898,
OECDE,CCI,AMPLITUD,LTRENDIDX,M,2020-04-01,98.13644,
OECDE,CCI,AMPLITUD,LTRENDIDX,M,2020-05-01,97.88431,
OECDE,CCI,AMPLITUD,LTRENDIDX,M,2020-06-01,98.15285,
OECDE,CCI,AMPLITUD,LTRENDIDX,M,2020-07-01,98.44968,
OECDE,CCI,AMPLITUD,LTRENDIDX,M,2020-08-01,98.58396,
OECDE,CCI,AMPLITUD,LTRENDIDX,M,2020-09-01,98.55786,
OECDE,CCI,AMPLITUD,LTRENDIDX,M,2020-10-01,98.37339,
OECDE,CCI,AMPLITUD,LTRENDIDX,M,2020-11-01,98.24412,
OECDE,CCI,AMPLITUD,LTRENDIDX,M,2020-12-01,98.39394,
OECDE,CCI,AMPLITUD,LTRENDIDX,M,2021-01-01,98.61343,
OECDE,CCI,AMPLITUD,LTRENDIDX,M,2021-02-01,99.02614,
OECDE,CCI,AMPLITUD,LTRENDIDX,M,2021-03-01,99.63117,
OECDE,CCI,AMPLITUD,LTRENDIDX,M,2021-04-01,100.22,
AUS,CCI,AMPLITUD,LTRENDIDX,M,2020-01-01,99.19405,
AUS,CCI,AMPLITUD,LTRENDIDX,M,2020-02-01,99.02038,
AUS,CCI,AMPLITUD,LTRENDIDX,M,2020-03-01,98.61734,
AUS,CCI,AMPLITUD,LTRENDIDX,M,2020-04-01,98.20112,
AUS,CCI,AMPLITUD,LTRENDIDX,M,2020-05-01,98.32049,
AUS,CCI,AMPLITUD,LTRENDIDX,M,2020-06-01,98.49483,
AUS,CCI,AMPLITUD,LTRENDIDX,M,2020-07-01,98.42838,
AUS,CCI,AMPLITUD,LTRENDIDX,M,2020-08-01,98.5028,
AUS,CCI,AMPLITUD,LTRENDIDX,M,2020-09-01,99.17672,
AUS,CCI,AMPLITUD,LTRENDIDX,M,2020-10-01,100.0222,
AUS,CCI,AMPLITUD,LTRENDIDX,M,2020-11-01,100.607,
AUS,CCI,AMPLITUD,LTRENDIDX,M,2020-12-01,100.871,
AUS,CCI,AMPLITUD,LTRENDIDX,M,2021-01-01,100.8757,
AUS,CCI,AMPLITUD,LTRENDIDX,M,2021-02-01,100.9839,
AUS,CCI,AMPLITUD,LTRENDIDX,M,2021-03-01,101.2998,
AUS,CCI,AMPLITUD,LTRENDIDX,M,2021-04-01,101.7832,
OECD,CCI,AMPLITUD,LTRENDIDX,M,2020-01-01,100.7226,
OECD,CCI,AMPLITUD,LTRENDIDX,M,2020-02-01,100.2243,
OECD,CCI,AMPLITUD,LTRENDIDX,M,2020-03-01,99.13103,
OECD,CCI,AMPLITUD,LTRENDIDX,M,2020-04-01,97.94482,
OECD,CCI,AMPLITUD,LTRENDIDX,M,2020-05-01,97.53722,
OECD,CCI,AMPLITUD,LTRENDIDX,M,2020-06-01,97.70152,
OECD,CCI,AMPLITUD,LTRENDIDX,M,2020-07-01,97.95048,
OECD,CCI,AMPLITUD,LTRENDIDX,M,2020-08-01,98.19704,
OECD,CCI,AMPLITUD,LTRENDIDX,M,2020-09-01,98.42017,
OECD,CCI,AMPLITUD,LTRENDIDX,M,2020-10-01,98.49773,
OECD,CCI,AMPLITUD,LTRENDIDX,M,2020-11-01,98.48409,
OECD,CCI,AMPLITUD,LTRENDIDX,M,2020-12-01,98.57357,
OECD,CCI,AMPLITUD,LTRENDIDX,M,2021-01-01,98.70019,
OECD,CCI,AMPLITUD,LTRENDIDX,M,2021-02-01,99.00479,
OECD,CCI,AMPLITUD,LTRENDIDX,M,2021-03-01,99.51411,
OECD,CCI,AMPLITUD,LTRENDIDX,M,2021-04-01,100.0077,
SWE,CCI,AMPLITUD,LTRENDIDX,M,2020-01-01,98.72191,
SWE,CCI,AMPLITUD,LTRENDIDX,M,2020-02-01,98.56538,
SWE,CCI,AMPLITUD,LTRENDIDX,M,2020-03-01,98.06758,
SWE,CCI,AMPLITUD,LTRENDIDX,M,2020-04-01,97.6301,
SWE,CCI,AMPLITUD,LTRENDIDX,M,2020-05-01,97.732,
SWE,CCI,AMPLITUD,LTRENDIDX,M,2020-06-01,98.427,
SWE,CCI,AMPLITUD,LTRENDIDX,M,2020-07-01,99.119,
SWE,CCI,AMPLITUD,LTRENDIDX,M,2020-08-01,99.6657,
SWE,CCI,AMPLITUD,LTRENDIDX,M,2020-09-01,100.0546,
SWE,CCI,AMPLITUD,LTRENDIDX,M,2020-10-01,100.1831,
SWE,CCI,AMPLITUD,LTRENDIDX,M,2020-11-01,100.2058,
SWE,CCI,AMPLITUD,LTRENDIDX,M,2020-12-01,100.5692,
SWE,CCI,AMPLITUD,LTRENDIDX,M,2021-01-01,101.0901,
SWE,CCI,AMPLITUD,LTRENDIDX,M,2021-02-01,101.6542,
SWE,CCI,AMPLITUD,LTRENDIDX,M,2021-03-01,102.0642,
SWE,CCI,AMPLITUD,LTRENDIDX,M,2021-04-01,102.5374,
MEX,CCI,AMPLITUD,LTRENDIDX,M,2020-01-01,103.5468,
MEX,CCI,AMPLITUD,LTRENDIDX,M,2020-02-01,102.5213,
MEX,CCI,AMPLITUD,LTRENDIDX,M,2020-03-01,100.0677,
MEX,CCI,AMPLITUD,LTRENDIDX,M,2020-04-01,96.47511,
MEX,CCI,AMPLITUD,LTRENDIDX,M,2020-05-01,94.43707,
MEX,CCI,AMPLITUD,LTRENDIDX,M,2020-06-01,94.28497,
MEX,CCI,AMPLITUD,LTRENDIDX,M,2020-07-01,95.23778,
MEX,CCI,AMPLITUD,LTRENDIDX,M,2020-08-01,96.36753,
MEX,CCI,AMPLITUD,LTRENDIDX,M,2020-09-01,97.40788,
MEX,CCI,AMPLITUD,LTRENDIDX,M,2020-10-01,98.18486,
MEX,CCI,AMPLITUD,LTRENDIDX,M,2020-11-01,98.59723,
MEX,CCI,AMPLITUD,LTRENDIDX,M,2020-12-01,99.0325,
MEX,CCI,AMPLITUD,LTRENDIDX,M,2021-01-01,99.4658,
MEX,CCI,AMPLITUD,LTRENDIDX,M,2021-02-01,100.0546,
MEX,CCI,AMPLITUD,LTRENDIDX,M,2021-03-01,101.0826,
MEX,CCI,AMPLITUD,LTRENDIDX,M,2021-04-01,102.2814,
GBR,CCI,AMPLITUD,LTRENDIDX,M,2020-01-01,100.7189,
GBR,CCI,AMPLITUD,LTRENDIDX,M,2020-02-01,100.3444,
GBR,CCI,AMPLITUD,LTRENDIDX,M,2020-03-01,99.22679,
GBR,CCI,AMPLITUD,LTRENDIDX,M,2020-04-01,97.61417,
GBR,CCI,AMPLITUD,LTRENDIDX,M,2020-05-01,96.82345,
GBR,CCI,AMPLITUD,LTRENDIDX,M,2020-06-01,96.96888,
GBR,CCI,AMPLITUD,LTRENDIDX,M,2020-07-01,97.48491,
GBR,CCI,AMPLITUD,LTRENDIDX,M,2020-08-01,97.70402,
GBR,CCI,AMPLITUD,LTRENDIDX,M,2020-09-01,97.51927,
GBR,CCI,AMPLITUD,LTRENDIDX,M,2020-10-01,97.16525,
GBR,CCI,AMPLITUD,LTRENDIDX,M,2020-11-01,97.05454,
GBR,CCI,AMPLITUD,LTRENDIDX,M,2020-12-01,97.46209,
GBR,CCI,AMPLITUD,LTRENDIDX,M,2021-01-01,98.04662,
GBR,CCI,AMPLITUD,LTRENDIDX,M,2021-02-01,99.15741,
GBR,CCI,AMPLITUD,LTRENDIDX,M,2021-03-01,100.4998,
GBR,CCI,AMPLITUD,LTRENDIDX,M,2021-04-01,101.6314,
ZAF,CCI,AMPLITUD,LTRENDIDX,M,2020-01-01,99.01869,
ZAF,CCI,AMPLITUD,LTRENDIDX,M,2020-02-01,98.82436,
ZAF,CCI,AMPLITUD,LTRENDIDX,M,2020-03-01,98.32494,
ZAF,CCI,AMPLITUD,LTRENDIDX,M,2020-04-01,97.39997,
ZAF,CCI,AMPLITUD,LTRENDIDX,M,2020-05-01,96.36015,
ZAF,CCI,AMPLITUD,LTRENDIDX,M,2020-06-01,95.63625,
ZAF,CCI,AMPLITUD,LTRENDIDX,M,2020-07-01,95.58305,
ZAF,CCI,AMPLITUD,LTRENDIDX,M,2020-08-01,95.96717,
ZAF,CCI,AMPLITUD,LTRENDIDX,M,2020-09-01,96.53535,
ZAF,CCI,AMPLITUD,LTRENDIDX,M,2020-10-01,97.14521,
ZAF,CCI,AMPLITUD,LTRENDIDX,M,2020-11-01,97.71219,
ZAF,CCI,AMPLITUD,LTRENDIDX,M,2020-12-01,98.16607,
ZAF,CCI,AMPLITUD,LTRENDIDX,M,2021-01-01,98.45054,
ZAF,CCI,AMPLITUD,LTRENDIDX,M,2021-02-01,98.6358,
ZAF,CCI,AMPLITUD,LTRENDIDX,M,2021-03-01,98.78856,
USA,CCI,AMPLITUD,LTRENDIDX,M,2020-01-01,101.7032,
USA,CCI,AMPLITUD,LTRENDIDX,M,2020-02-01,101.2233,
USA,CCI,AMPLITUD,LTRENDIDX,M,2020-03-01,100.1044,
USA,CCI,AMPLITUD,LTRENDIDX,M,2020-04-01,98.88747,
USA,CCI,AMPLITUD,LTRENDIDX,M,2020-05-01,98.32687,
USA,CCI,AMPLITUD,LTRENDIDX,M,2020-06-01,98.27111,
USA,CCI,AMPLITUD,LTRENDIDX,M,2020-07-01,98.29077,
USA,CCI,AMPLITUD,LTRENDIDX,M,2020-08-01,98.51771,
USA,CCI,AMPLITUD,LTRENDIDX,M,2020-09-01,98.86903,
USA,CCI,AMPLITUD,LTRENDIDX,M,2020-10-01,99.03622,
USA,CCI,AMPLITUD,LTRENDIDX,M,2020-11-01,98.98476,
USA,CCI,AMPLITUD,LTRENDIDX,M,2020-12-01,98.97594,
USA,CCI,AMPLITUD,LTRENDIDX,M,2021-01-01,98.95658,
USA,CCI,AMPLITUD,LTRENDIDX,M,2021-02-01,99.08105,
USA,CCI,AMPLITUD,LTRENDIDX,M,2021-03-01,99.50104,
USA,CCI,AMPLITUD,LTRENDIDX,M,2021-04-01,99.94392,
HUN,CCI,AMPLITUD,LTRENDIDX,M,2020-01-01,102.2679,
HUN,CCI,AMPLITUD,LTRENDIDX,M,2020-02-01,101.9306,
HUN,CCI,AMPLITUD,LTRENDIDX,M,2020-03-01,101.2288,
HUN,CCI,AMPLITUD,LTRENDIDX,M,2020-04-01,100.2065,
HUN,CCI,AMPLITUD,LTRENDIDX,M,2020-05-01,99.8285,
HUN,CCI,AMPLITUD,LTRENDIDX,M,2020-06-01,99.89725,
HUN,CCI,AMPLITUD,LTRENDIDX,M,2020-07-01,100.165,
HUN,CCI,AMPLITUD,LTRENDIDX,M,2020-08-01,100.3853,
HUN,CCI,AMPLITUD,LTRENDIDX,M,2020-09-01,100.4069,
HUN,CCI,AMPLITUD,LTRENDIDX,M,2020-10-01,100.2656,
HUN,CCI,AMPLITUD,LTRENDIDX,M,2020-11-01,100.1031,
HUN,CCI,AMPLITUD,LTRENDIDX,M,2020-12-01,99.94707,
HUN,CCI,AMPLITUD,LTRENDIDX,M,2021-01-01,99.90955,
HUN,CCI,AMPLITUD,LTRENDIDX,M,2021-02-01,99.99403,
HUN,CCI,AMPLITUD,LTRENDIDX,M,2021-03-01,100.2534,
HUN,CCI,AMPLITUD,LTRENDIDX,M,2021-04-01,100.645,
PRT,CCI,AMPLITUD,LTRENDIDX,M,2020-01-01,101.2043,
PRT,CCI,AMPLITUD,LTRENDIDX,M,2020-02-01,100.5988,
PRT,CCI,AMPLITUD,LTRENDIDX,M,2020-03-01,99.19488,
PRT,CCI,AMPLITUD,LTRENDIDX,M,2020-04-01,97.44527,
PRT,CCI,AMPLITUD,LTRENDIDX,M,2020-05-01,96.89043,
PRT,CCI,AMPLITUD,LTRENDIDX,M,2020-06-01,97.02118,
PRT,CCI,AMPLITUD,LTRENDIDX,M,2020-07-01,97.16259,
PRT,CCI,AMPLITUD,LTRENDIDX,M,2020-08-01,97.22256,
PRT,CCI,AMPLITUD,LTRENDIDX,M,2020-09-01,97.12102,
PRT,CCI,AMPLITUD,LTRENDIDX,M,2020-10-01,97.01617,
PRT,CCI,AMPLITUD,LTRENDIDX,M,2020-11-01,96.91529,
PRT,CCI,AMPLITUD,LTRENDIDX,M,2020-12-01,97.04547,
PRT,CCI,AMPLITUD,LTRENDIDX,M,2021-01-01,97.23869,
PRT,CCI,AMPLITUD,LTRENDIDX,M,2021-02-01,97.57877,
PRT,CCI,AMPLITUD,LTRENDIDX,M,2021-03-01,98.39212,
PRT,CCI,AMPLITUD,LTRENDIDX,M,2021-04-01,99.51921,
DNK,CCI,AMPLITUD,LTRENDIDX,M,2020-01-01,100.7539,
DNK,CCI,AMPLITUD,LTRENDIDX,M,2020-02-01,100.4552,
DNK,CCI,AMPLITUD,LTRENDIDX,M,2020-03-01,99.91025,
DNK,CCI,AMPLITUD,LTRENDIDX,M,2020-04-01,99.47523,
DNK,CCI,AMPLITUD,LTRENDIDX,M,2020-05-01,99.56355,
DNK,CCI,AMPLITUD,LTRENDIDX,M,2020-06-01,99.87437,
DNK,CCI,AMPLITUD,LTRENDIDX,M,2020-07-01,100.0323,
DNK,CCI,AMPLITUD,LTRENDIDX,M,2020-08-01,100.0256,
DNK,CCI,AMPLITUD,LTRENDIDX,M,2020-09-01,100.0274,
DNK,CCI,AMPLITUD,LTRENDIDX,M,2020-10-01,100.0489,
DNK,CCI,AMPLITUD,LTRENDIDX,M,2020-11-01,100.083,
DNK,CCI,AMPLITUD,LTRENDIDX,M,2020-12-01,100.27,
DNK,CCI,AMPLITUD,LTRENDIDX,M,2021-01-01,100.4059,
DNK,CCI,AMPLITUD,LTRENDIDX,M,2021-02-01,100.5669,
DNK,CCI,AMPLITUD,LTRENDIDX,M,2021-03-01,100.9108,
DNK,CCI,AMPLITUD,LTRENDIDX,M,2021-04-01,101.4537,
ESP,CCI,AMPLITUD,LTRENDIDX,M,2020-01-01,100.4755,
ESP,CCI,AMPLITUD,LTRENDIDX,M,2020-02-01,100.1765,
ESP,CCI,AMPLITUD,LTRENDIDX,M,2020-03-01,98.84605,
ESP,CCI,AMPLITUD,LTRENDIDX,M,2020-04-01,96.82571,
ESP,CCI,AMPLITUD,LTRENDIDX,M,2020-05-01,95.78784,
ESP,CCI,AMPLITUD,LTRENDIDX,M,2020-06-01,95.63286,
ESP,CCI,AMPLITUD,LTRENDIDX,M,2020-07-01,95.64354,
ESP,CCI,AMPLITUD,LTRENDIDX,M,2020-08-01,95.57144,
ESP,CCI,AMPLITUD,LTRENDIDX,M,2020-09-01,95.62628,
ESP,CCI,AMPLITUD,LTRENDIDX,M,2020-10-01,95.64561,
ESP,CCI,AMPLITUD,LTRENDIDX,M,2020-11-01,95.73862,
ESP,CCI,AMPLITUD,LTRENDIDX,M,2020-12-01,96.15033,
ESP,CCI,AMPLITUD,LTRENDIDX,M,2021-01-01,96.49915,
ESP,CCI,AMPLITUD,LTRENDIDX,M,2021-02-01,97.08252,
ESP,CCI,AMPLITUD,LTRENDIDX,M,2021-03-01,98.35349,
ESP,CCI,AMPLITUD,LTRENDIDX,M,2021-04-01,99.90071,
LUX,CCI,AMPLITUD,LTRENDIDX,M,2020-01-01,101.2814,
LUX,CCI,AMPLITUD,LTRENDIDX,M,2020-02-01,100.407,
LUX,CCI,AMPLITUD,LTRENDIDX,M,2020-03-01,98.7704,
LUX,CCI,AMPLITUD,LTRENDIDX,M,2020-04-01,97.18458,
LUX,CCI,AMPLITUD,LTRENDIDX,M,2020-05-01,96.96481,
LUX,CCI,AMPLITUD,LTRENDIDX,M,2020-06-01,97.46272,
LUX,CCI,AMPLITUD,LTRENDIDX,M,2020-07-01,97.59916,
LUX,CCI,AMPLITUD,LTRENDIDX,M,2020-08-01,97.57974,
LUX,CCI,AMPLITUD,LTRENDIDX,M,2020-09-01,97.85809,
LUX,CCI,AMPLITUD,LTRENDIDX,M,2020-10-01,97.95461,
LUX,CCI,AMPLITUD,LTRENDIDX,M,2020-11-01,97.75397,
LUX,CCI,AMPLITUD,LTRENDIDX,M,2020-12-01,97.93372,
LUX,CCI,AMPLITUD,LTRENDIDX,M,2021-01-01,98.25161,
LUX,CCI,AMPLITUD,LTRENDIDX,M,2021-02-01,98.82903,
LUX,CCI,AMPLITUD,LTRENDIDX,M,2021-03-01,100.0206,
LUX,CCI,AMPLITUD,LTRENDIDX,M,2021-04-01,101.7995,
GRC,CCI,AMPLITUD,LTRENDIDX,M,2020-01-01,103.1129,
GRC,CCI,AMPLITUD,LTRENDIDX,M,2020-02-01,102.7163,
GRC,CCI,AMPLITUD,LTRENDIDX,M,2020-03-01,101.7643,
GRC,CCI,AMPLITUD,LTRENDIDX,M,2020-04-01,100.6951,
GRC,CCI,AMPLITUD,LTRENDIDX,M,2020-05-01,100.1585,
GRC,CCI,AMPLITUD,LTRENDIDX,M,2020-06-01,99.99086,
GRC,CCI,AMPLITUD,LTRENDIDX,M,2020-07-01,99.69997,
GRC,CCI,AMPLITUD,LTRENDIDX,M,2020-08-01,99.32182,
GRC,CCI,AMPLITUD,LTRENDIDX,M,2020-09-01,98.80114,
GRC,CCI,AMPLITUD,LTRENDIDX,M,2020-10-01,98.33067,
GRC,CCI,AMPLITUD,LTRENDIDX,M,2020-11-01,98.09141,
GRC,CCI,AMPLITUD,LTRENDIDX,M,2020-12-01,98.13804,
GRC,CCI,AMPLITUD,LTRENDIDX,M,2021-01-01,98.27395,
GRC,CCI,AMPLITUD,LTRENDIDX,M,2021-02-01,98.47279,
GRC,CCI,AMPLITUD,LTRENDIDX,M,2021-03-01,98.93769,
GRC,CCI,AMPLITUD,LTRENDIDX,M,2021-04-01,99.51218,
BRA,CCI,AMPLITUD,LTRENDIDX,M,2020-01-01,100.3574,
BRA,CCI,AMPLITUD,LTRENDIDX,M,2020-02-01,99.5514,
BRA,CCI,AMPLITUD,LTRENDIDX,M,2020-03-01,98.18121,
BRA,CCI,AMPLITUD,LTRENDIDX,M,2020-04-01,96.76037,
BRA,CCI,AMPLITUD,LTRENDIDX,M,2020-05-01,96.50461,
BRA,CCI,AMPLITUD,LTRENDIDX,M,2020-06-01,97.21941,
BRA,CCI,AMPLITUD,LTRENDIDX,M,2020-07-01,98.18206,
BRA,CCI,AMPLITUD,LTRENDIDX,M,2020-08-01,98.87234,
BRA,CCI,AMPLITUD,LTRENDIDX,M,2020-09-01,99.24656,
BRA,CCI,AMPLITUD,LTRENDIDX,M,2020-10-01,99.27206,
BRA,CCI,AMPLITUD,LTRENDIDX,M,2020-11-01,99.06697,
BRA,CCI,AMPLITUD,LTRENDIDX,M,2020-12-01,98.71414,
BRA,CCI,AMPLITUD,LTRENDIDX,M,2021-01-01,98.35375,
BRA,CCI,AMPLITUD,LTRENDIDX,M,2021-02-01,98.02222,
BRA,CCI,AMPLITUD,LTRENDIDX,M,2021-03-01,97.57895,
BRA,CCI,AMPLITUD,LTRENDIDX,M,2021-04-01,97.39121,
SVK,CCI,AMPLITUD,LTRENDIDX,M,2020-01-01,102.492,
SVK,CCI,AMPLITUD,LTRENDIDX,M,2020-02-01,102.1636,
SVK,CCI,AMPLITUD,LTRENDIDX,M,2020-03-01,101.0973,
SVK,CCI,AMPLITUD,LTRENDIDX,M,2020-04-01,99.21857,
SVK,CCI,AMPLITUD,LTRENDIDX,M,2020-05-01,98.31501,
SVK,CCI,AMPLITUD,LTRENDIDX,M,2020-06-01,98.30378,
SVK,CCI,AMPLITUD,LTRENDIDX,M,2020-07-01,98.6683,
SVK,CCI,AMPLITUD,LTRENDIDX,M,2020-08-01,99.07891,
SVK,CCI,AMPLITUD,LTRENDIDX,M,2020-09-01,99.1807,
SVK,CCI,AMPLITUD,LTRENDIDX,M,2020-10-01,98.9954,
SVK,CCI,AMPLITUD,LTRENDIDX,M,2020-11-01,98.79423,
SVK,CCI,AMPLITUD,LTRENDIDX,M,2020-12-01,98.52142,
SVK,CCI,AMPLITUD,LTRENDIDX,M,2021-01-01,98.12237,
SVK,CCI,AMPLITUD,LTRENDIDX,M,2021-02-01,98.04497,
SVK,CCI,AMPLITUD,LTRENDIDX,M,2021-03-01,98.623,
SVK,CCI,AMPLITUD,LTRENDIDX,M,2021-04-01,99.89961,
CHN,CCI,AMPLITUD,LTRENDIDX,M,2020-01-01,105.0304,
CHN,CCI,AMPLITUD,LTRENDIDX,M,2020-02-01,104.096,
CHN,CCI,AMPLITUD,LTRENDIDX,M,2020-03-01,103.348,
CHN,CCI,AMPLITUD,LTRENDIDX,M,2020-04-01,102.3983,
CHN,CCI,AMPLITUD,LTRENDIDX,M,2020-05-01,101.7157,
CHN,CCI,AMPLITUD,LTRENDIDX,M,2020-06-01,101.4425,
CHN,CCI,AMPLITUD,LTRENDIDX,M,2020-07-01,101.8562,
CHN,CCI,AMPLITUD,LTRENDIDX,M,2020-08-01,102.4656,
CHN,CCI,AMPLITUD,LTRENDIDX,M,2020-09-01,103.2894,
CHN,CCI,AMPLITUD,LTRENDIDX,M,2020-10-01,103.9521,
CHN,CCI,AMPLITUD,LTRENDIDX,M,2020-11-01,104.369,
CHN,CCI,AMPLITUD,LTRENDIDX,M,2020-12-01,104.5241,
CHN,CCI,AMPLITUD,LTRENDIDX,M,2021-01-01,104.9,
CHN,CCI,AMPLITUD,LTRENDIDX,M,2021-02-01,105.6234,
BEL,CCI,AMPLITUD,LTRENDIDX,M,2020-01-01,99.8373,
BEL,CCI,AMPLITUD,LTRENDIDX,M,2020-02-01,99.73866,
BEL,CCI,AMPLITUD,LTRENDIDX,M,2020-03-01,99.32944,
BEL,CCI,AMPLITUD,LTRENDIDX,M,2020-04-01,98.94637,
BEL,CCI,AMPLITUD,LTRENDIDX,M,2020-05-01,99.05605,
BEL,CCI,AMPLITUD,LTRENDIDX,M,2020-06-01,99.31136,
BEL,CCI,AMPLITUD,LTRENDIDX,M,2020-07-01,99.35056,
BEL,CCI,AMPLITUD,LTRENDIDX,M,2020-08-01,99.35955,
BEL,CCI,AMPLITUD,LTRENDIDX,M,2020-09-01,99.54213,
BEL,CCI,AMPLITUD,LTRENDIDX,M,2020-10-01,99.74753,
BEL,CCI,AMPLITUD,LTRENDIDX,M,2020-11-01,100.0511,
BEL,CCI,AMPLITUD,LTRENDIDX,M,2020-12-01,100.4397,
BEL,CCI,AMPLITUD,LTRENDIDX,M,2021-01-01,100.654,
BEL,CCI,AMPLITUD,LTRENDIDX,M,2021-02-01,100.8167,
BEL,CCI,AMPLITUD,LTRENDIDX,M,2021-03-01,101.0555,
BEL,CCI,AMPLITUD,LTRENDIDX,M,2021-04-01,101.3399,
FIN,CCI,AMPLITUD,LTRENDIDX,M,2020-01-01,98.67128,
FIN,CCI,AMPLITUD,LTRENDIDX,M,2020-02-01,98.2103,
FIN,CCI,AMPLITUD,LTRENDIDX,M,2020-03-01,97.40617,
FIN,CCI,AMPLITUD,LTRENDIDX,M,2020-04-01,96.74818,
FIN,CCI,AMPLITUD,LTRENDIDX,M,2020-05-01,97.13445,
FIN,CCI,AMPLITUD,LTRENDIDX,M,2020-06-01,98.10094,
FIN,CCI,AMPLITUD,LTRENDIDX,M,2020-07-01,98.71142,
FIN,CCI,AMPLITUD,LTRENDIDX,M,2020-08-01,98.69072,
FIN,CCI,AMPLITUD,LTRENDIDX,M,2020-09-01,98.51417,
FIN,CCI,AMPLITUD,LTRENDIDX,M,2020-10-01,98.48135,
FIN,CCI,AMPLITUD,LTRENDIDX,M,2020-11-01,98.72797,
FIN,CCI,AMPLITUD,LTRENDIDX,M,2020-12-01,99.05283,
FIN,CCI,AMPLITUD,LTRENDIDX,M,2021-01-01,99.57694,
FIN,CCI,AMPLITUD,LTRENDIDX,M,2021-02-01,100.0481,
FIN,CCI,AMPLITUD,LTRENDIDX,M,2021-03-01,100.7168,
FIN,CCI,AMPLITUD,LTRENDIDX,M,2021-04-01,101.9882,
NZL,CCI,AMPLITUD,LTRENDIDX,M,2020-01-01,99.65784,
NZL,CCI,AMPLITUD,LTRENDIDX,M,2020-02-01,99.45959,
NZL,CCI,AMPLITUD,LTRENDIDX,M,2020-03-01,99.19734,
NZL,CCI,AMPLITUD,LTRENDIDX,M,2020-04-01,98.90604,
NZL,CCI,AMPLITUD,LTRENDIDX,M,2020-05-01,98.61914,
NZL,CCI,AMPLITUD,LTRENDIDX,M,2020-06-01,98.37522,
NZL,CCI,AMPLITUD,LTRENDIDX,M,2020-07-01,98.22001,
NZL,CCI,AMPLITUD,LTRENDIDX,M,2020-08-01,98.16553,
NZL,CCI,AMPLITUD,LTRENDIDX,M,2020-09-01,98.25991,
NZL,CCI,AMPLITUD,LTRENDIDX,M,2020-10-01,98.55635,
NZL,CCI,AMPLITUD,LTRENDIDX,M,2020-11-01,98.93338,
NZL,CCI,AMPLITUD,LTRENDIDX,M,2020-12-01,99.24183,
NZL,CCI,AMPLITUD,LTRENDIDX,M,2021-01-01,99.37128,
NZL,CCI,AMPLITUD,LTRENDIDX,M,2021-02-01,99.38512,
NZL,CCI,AMPLITUD,LTRENDIDX,M,2021-03-01,99.35846,
G-7,CCI,AMPLITUD,LTRENDIDX,M,2020-01-01,100.9164,
G-7,CCI,AMPLITUD,LTRENDIDX,M,2020-02-01,100.4061,
G-7,CCI,AMPLITUD,LTRENDIDX,M,2020-03-01,99.27763,
G-7,CCI,AMPLITUD,LTRENDIDX,M,2020-04-01,98.10974,
G-7,CCI,AMPLITUD,LTRENDIDX,M,2020-05-01,97.71166,
G-7,CCI,AMPLITUD,LTRENDIDX,M,2020-06-01,97.89175,
G-7,CCI,AMPLITUD,LTRENDIDX,M,2020-07-01,98.13115,
G-7,CCI,AMPLITUD,LTRENDIDX,M,2020-08-01,98.38799,
G-7,CCI,AMPLITUD,LTRENDIDX,M,2020-09-01,98.61107,
G-7,CCI,AMPLITUD,LTRENDIDX,M,2020-10-01,98.62641,
G-7,CCI,AMPLITUD,LTRENDIDX,M,2020-11-01,98.52674,
G-7,CCI,AMPLITUD,LTRENDIDX,M,2020-12-01,98.55132,
G-7,CCI,AMPLITUD,LTRENDIDX,M,2021-01-01,98.61681,
G-7,CCI,AMPLITUD,LTRENDIDX,M,2021-02-01,98.90419,
G-7,CCI,AMPLITUD,LTRENDIDX,M,2021-03-01,99.41927,
G-7,CCI,AMPLITUD,LTRENDIDX,M,2021-04-01,99.89349,
IDN,CCI,AMPLITUD,LTRENDIDX,M,2020-01-01,101.4488,
IDN,CCI,AMPLITUD,LTRENDIDX,M,2020-02-01,101,
IDN,CCI,AMPLITUD,LTRENDIDX,M,2020-03-01,100.2291,
IDN,CCI,AMPLITUD,LTRENDIDX,M,2020-04-01,99.20036,
IDN,CCI,AMPLITUD,LTRENDIDX,M,2020-05-01,98.57607,
IDN,CCI,AMPLITUD,LTRENDIDX,M,2020-06-01,98.47375,
IDN,CCI,AMPLITUD,LTRENDIDX,M,2020-07-01,98.56296,
IDN,CCI,AMPLITUD,LTRENDIDX,M,2020-08-01,98.61569,
IDN,CCI,AMPLITUD,LTRENDIDX,M,2020-09-01,98.59853,
IDN,CCI,AMPLITUD,LTRENDIDX,M,2020-10-01,98.67304,
IDN,CCI,AMPLITUD,LTRENDIDX,M,2020-11-01,98.94713,
IDN,CCI,AMPLITUD,LTRENDIDX,M,2020-12-01,99.0749,
IDN,CCI,AMPLITUD,LTRENDIDX,M,2021-01-01,98.95869,
IDN,CCI,AMPLITUD,LTRENDIDX,M,2021-02-01,98.95676,
IDN,CCI,AMPLITUD,LTRENDIDX,M,2021-03-01,99.12551,
TUR,CCI,AMPLITUD,LTRENDIDX,M,2020-01-01,96.67437,
TUR,CCI,AMPLITUD,LTRENDIDX,M,2020-02-01,96.53479,
TUR,CCI,AMPLITUD,LTRENDIDX,M,2020-03-01,96.49692,
TUR,CCI,AMPLITUD,LTRENDIDX,M,2020-04-01,96.53485,
TUR,CCI,AMPLITUD,LTRENDIDX,M,2020-05-01,96.92071,
TUR,CCI,AMPLITUD,LTRENDIDX,M,2020-06-01,97.11624,
TUR,CCI,AMPLITUD,LTRENDIDX,M,2020-07-01,97.02836,
TUR,CCI,AMPLITUD,LTRENDIDX,M,2020-08-01,96.81352,
TUR,CCI,AMPLITUD,LTRENDIDX,M,2020-09-01,96.82294,
TUR,CCI,AMPLITUD,LTRENDIDX,M,2020-10-01,96.78265,
TUR,CCI,AMPLITUD,LTRENDIDX,M,2020-11-01,96.71185,
TUR,CCI,AMPLITUD,LTRENDIDX,M,2020-12-01,96.9274,
TUR,CCI,AMPLITUD,LTRENDIDX,M,2021-01-01,97.47251,
TUR,CCI,AMPLITUD,LTRENDIDX,M,2021-02-01,97.90108,
TUR,CCI,AMPLITUD,LTRENDIDX,M,2021-03-01,97.87439,
TUR,CCI,AMPLITUD,LTRENDIDX,M,2021-04-01,97.16076,
AUT,CCI,AMPLITUD,LTRENDIDX,M,2020-01-01,100.4948,
AUT,CCI,AMPLITUD,LTRENDIDX,M,2020-02-01,100.1945,
AUT,CCI,AMPLITUD,LTRENDIDX,M,2020-03-01,99.57986,
AUT,CCI,AMPLITUD,LTRENDIDX,M,2020-04-01,98.96923,
AUT,CCI,AMPLITUD,LTRENDIDX,M,2020-05-01,98.95512,
AUT,CCI,AMPLITUD,LTRENDIDX,M,2020-06-01,99.26632,
AUT,CCI,AMPLITUD,LTRENDIDX,M,2020-07-01,99.45576,
AUT,CCI,AMPLITUD,LTRENDIDX,M,2020-08-01,99.53585,
AUT,CCI,AMPLITUD,LTRENDIDX,M,2020-09-01,99.50023,
AUT,CCI,AMPLITUD,LTRENDIDX,M,2020-10-01,99.21164,
AUT,CCI,AMPLITUD,LTRENDIDX,M,2020-11-01,98.95087,
AUT,CCI,AMPLITUD,LTRENDIDX,M,2020-12-01,98.9674,
AUT,CCI,AMPLITUD,LTRENDIDX,M,2021-01-01,99.0985,
AUT,CCI,AMPLITUD,LTRENDIDX,M,2021-02-01,99.3783,
AUT,CCI,AMPLITUD,LTRENDIDX,M,2021-03-01,99.73028,
AUT,CCI,AMPLITUD,LTRENDIDX,M,2021-04-01,99.92809,
ITA,CCI,AMPLITUD,LTRENDIDX,M,2020-01-01,100.3401,
ITA,CCI,AMPLITUD,LTRENDIDX,M,2020-02-01,99.8419,
ITA,CCI,AMPLITUD,LTRENDIDX,M,2020-03-01,98.99999,
ITA,CCI,AMPLITUD,LTRENDIDX,M,2020-04-01,98.62288,
ITA,CCI,AMPLITUD,LTRENDIDX,M,2020-05-01,98.83285,
ITA,CCI,AMPLITUD,LTRENDIDX,M,2020-06-01,99.41557,
ITA,CCI,AMPLITUD,LTRENDIDX,M,2020-07-01,99.72046,
ITA,CCI,AMPLITUD,LTRENDIDX,M,2020-08-01,99.84441,
ITA,CCI,AMPLITUD,LTRENDIDX,M,2020-09-01,99.7473,
ITA,CCI,AMPLITUD,LTRENDIDX,M,2020-10-01,99.40401,
ITA,CCI,AMPLITUD,LTRENDIDX,M,2020-11-01,99.20517,
ITA,CCI,AMPLITUD,LTRENDIDX,M,2020-12-01,99.44482,
ITA,CCI,AMPLITUD,LTRENDIDX,M,2021-01-01,99.82927,
ITA,CCI,AMPLITUD,LTRENDIDX,M,2021-02-01,100.3138,
ITA,CCI,AMPLITUD,LTRENDIDX,M,2021-03-01,100.8288,
ITA,CCI,AMPLITUD,LTRENDIDX,M,2021-04-01,101.3192,
IRL,CCI,AMPLITUD,LTRENDIDX,M,2020-01-01,101.1204,
IRL,CCI,AMPLITUD,LTRENDIDX,M,2020-02-01,100.9481,
IRL,CCI,AMPLITUD,LTRENDIDX,M,2020-03-01,100.0633,
IRL,CCI,AMPLITUD,LTRENDIDX,M,2020-04-01,98.73905,
IRL,CCI,AMPLITUD,LTRENDIDX,M,2020-05-01,98.17512,
IRL,CCI,AMPLITUD,LTRENDIDX,M,2020-06-01,98.25046,
IRL,CCI,AMPLITUD,LTRENDIDX,M,2020-07-01,98.52724,
IRL,CCI,AMPLITUD,LTRENDIDX,M,2020-08-01,98.70033,
IRL,CCI,AMPLITUD,LTRENDIDX,M,2020-09-01,98.86213,
IRL,CCI,AMPLITUD,LTRENDIDX,M,2020-10-01,99.1773,
IRL,CCI,AMPLITUD,LTRENDIDX,M,2020-11-01,99.68695,
IRL,CCI,AMPLITUD,LTRENDIDX,M,2020-12-01,100.0613,
IRL,CCI,AMPLITUD,LTRENDIDX,M,2021-01-01,100.1903,
IRL,CCI,AMPLITUD,LTRENDIDX,M,2021-02-01,100.622,
IRL,CCI,AMPLITUD,LTRENDIDX,M,2021-03-01,101.3161,
IRL,CCI,AMPLITUD,LTRENDIDX,M,2021-04-01,102.2451,
SVN,CCI,AMPLITUD,LTRENDIDX,M,2020-01-01,101.9929,
SVN,CCI,AMPLITUD,LTRENDIDX,M,2020-02-01,101.3356,
SVN,CCI,AMPLITUD,LTRENDIDX,M,2020-03-01,99.65633,
SVN,CCI,AMPLITUD,LTRENDIDX,M,2020-04-01,97.35056,
SVN,CCI,AMPLITUD,LTRENDIDX,M,2020-05-01,96.44894,
SVN,CCI,AMPLITUD,LTRENDIDX,M,2020-06-01,96.74535,
SVN,CCI,AMPLITUD,LTRENDIDX,M,2020-07-01,97.50568,
SVN,CCI,AMPLITUD,LTRENDIDX,M,2020-08-01,98.13377,
SVN,CCI,AMPLITUD,LTRENDIDX,M,2020-09-01,98.00085,
SVN,CCI,AMPLITUD,LTRENDIDX,M,2020-10-01,97.21447,
SVN,CCI,AMPLITUD,LTRENDIDX,M,2020-11-01,96.47189,
SVN,CCI,AMPLITUD,LTRENDIDX,M,2020-12-01,96.32547,
SVN,CCI,AMPLITUD,LTRENDIDX,M,2021-01-01,96.71458,
SVN,CCI,AMPLITUD,LTRENDIDX,M,2021-02-01,97.67072,
SVN,CCI,AMPLITUD,LTRENDIDX,M,2021-03-01,98.46284,
SVN,CCI,AMPLITUD,LTRENDIDX,M,2021-04-01,99.24875,
DEU,CCI,AMPLITUD,LTRENDIDX,M,2020-01-01,100.9463,
DEU,CCI,AMPLITUD,LTRENDIDX,M,2020-02-01,100.5766,
DEU,CCI,AMPLITUD,LTRENDIDX,M,2020-03-01,99.78685,
DEU,CCI,AMPLITUD,LTRENDIDX,M,2020-04-01,98.96807,
DEU,CCI,AMPLITUD,LTRENDIDX,M,2020-05-01,98.7809,
DEU,CCI,AMPLITUD,LTRENDIDX,M,2020-06-01,99.08467,
DEU,CCI,AMPLITUD,LTRENDIDX,M,2020-07-01,99.45042,
DEU,CCI,AMPLITUD,LTRENDIDX,M,2020-08-01,99.72596,
DEU,CCI,AMPLITUD,LTRENDIDX,M,2020-09-01,99.77882,
DEU,CCI,AMPLITUD,LTRENDIDX,M,2020-10-01,99.61162,
DEU,CCI,AMPLITUD,LTRENDIDX,M,2020-11-01,99.35271,
DEU,CCI,AMPLITUD,LTRENDIDX,M,2020-12-01,99.16269,
DEU,CCI,AMPLITUD,LTRENDIDX,M,2021-01-01,99.03716,
DEU,CCI,AMPLITUD,LTRENDIDX,M,2021-02-01,99.23563,
DEU,CCI,AMPLITUD,LTRENDIDX,M,2021-03-01,99.64685,
DEU,CCI,AMPLITUD,LTRENDIDX,M,2021-04-01,100.0247,
KOR,CCI,AMPLITUD,LTRENDIDX,M,2020-01-01,99.94868,
KOR,CCI,AMPLITUD,LTRENDIDX,M,2020-02-01,98.92717,
KOR,CCI,AMPLITUD,LTRENDIDX,M,2020-03-01,97.51014,
KOR,CCI,AMPLITUD,LTRENDIDX,M,2020-04-01,96.65224,
KOR,CCI,AMPLITUD,LTRENDIDX,M,2020-05-01,96.69337,
KOR,CCI,AMPLITUD,LTRENDIDX,M,2020-06-01,97.13322,
KOR,CCI,AMPLITUD,LTRENDIDX,M,2020-07-01,97.56671,
KOR,CCI,AMPLITUD,LTRENDIDX,M,2020-08-01,97.85436,
KOR,CCI,AMPLITUD,LTRENDIDX,M,2020-09-01,98.02457,
KOR,CCI,AMPLITUD,LTRENDIDX,M,2020-10-01,98.56568,
KOR,CCI,AMPLITUD,LTRENDIDX,M,2020-11-01,98.98943,
KOR,CCI,AMPLITUD,LTRENDIDX,M,2020-12-01,99.04443,
KOR,CCI,AMPLITUD,LTRENDIDX,M,2021-01-01,99.2232,
KOR,CCI,AMPLITUD,LTRENDIDX,M,2021-02-01,99.51698,
KOR,CCI,AMPLITUD,LTRENDIDX,M,2021-03-01,99.87786,
KOR,CCI,AMPLITUD,LTRENDIDX,M,2021-04-01,100.2301,
EST,CCI,AMPLITUD,LTRENDIDX,M,2020-01-01,103.5238,
EST,CCI,AMPLITUD,LTRENDIDX,M,2020-02-01,103.0642,
EST,CCI,AMPLITUD,LTRENDIDX,M,2020-03-01,101.8436,
EST,CCI,AMPLITUD,LTRENDIDX,M,2020-04-01,100.1603,
EST,CCI,AMPLITUD,LTRENDIDX,M,2020-05-01,99.1568,
EST,CCI,AMPLITUD,LTRENDIDX,M,2020-06-01,98.29257,
EST,CCI,AMPLITUD,LTRENDIDX,M,2020-07-01,98.23724,
EST,CCI,AMPLITUD,LTRENDIDX,M,2020-08-01,98.48578,
EST,CCI,AMPLITUD,LTRENDIDX,M,2020-09-01,98.60732,
EST,CCI,AMPLITUD,LTRENDIDX,M,2020-10-01,98.22876,
EST,CCI,AMPLITUD,LTRENDIDX,M,2020-11-01,97.37735,
EST,CCI,AMPLITUD,LTRENDIDX,M,2020-12-01,97.15765,
EST,CCI,AMPLITUD,LTRENDIDX,M,2021-01-01,97.2212,
EST,CCI,AMPLITUD,LTRENDIDX,M,2021-02-01,97.3455,
EST,CCI,AMPLITUD,LTRENDIDX,M,2021-03-01,97.3042,
EST,CCI,AMPLITUD,LTRENDIDX,M,2021-04-01,97.33958,
EA19,CCI,AMPLITUD,LTRENDIDX,M,2020-01-01,100.792,
EA19,CCI,AMPLITUD,LTRENDIDX,M,2020-02-01,100.296,
EA19,CCI,AMPLITUD,LTRENDIDX,M,2020-03-01,99.13216,
EA19,CCI,AMPLITUD,LTRENDIDX,M,2020-04-01,97.89566,
EA19,CCI,AMPLITUD,LTRENDIDX,M,2020-05-01,97.6775,
EA19,CCI,AMPLITUD,LTRENDIDX,M,2020-06-01,98.10455,
EA19,CCI,AMPLITUD,LTRENDIDX,M,2020-07-01,98.47982,
EA19,CCI,AMPLITUD,LTRENDIDX,M,2020-08-01,98.67706,
EA19,CCI,AMPLITUD,LTRENDIDX,M,2020-09-01,98.67328,
EA19,CCI,AMPLITUD,LTRENDIDX,M,2020-10-01,98.44373,
EA19,CCI,AMPLITUD,LTRENDIDX,M,2020-11-01,98.27301,
EA19,CCI,AMPLITUD,LTRENDIDX,M,2020-12-01,98.40068,
EA19,CCI,AMPLITUD,LTRENDIDX,M,2021-01-01,98.54646,
EA19,CCI,AMPLITUD,LTRENDIDX,M,2021-02-01,98.95055,
EA19,CCI,AMPLITUD,LTRENDIDX,M,2021-03-01,99.70541,
EA19,CCI,AMPLITUD,LTRENDIDX,M,2021-04-01,100.5667,
ISR,CCI,AMPLITUD,LTRENDIDX,M,2020-01-01,100.9814,
ISR,CCI,AMPLITUD,LTRENDIDX,M,2020-02-01,99.80643,
ISR,CCI,AMPLITUD,LTRENDIDX,M,2020-03-01,97.62248,
ISR,CCI,AMPLITUD,LTRENDIDX,M,2020-04-01,96.26012,
ISR,CCI,AMPLITUD,LTRENDIDX,M,2020-05-01,96.41259,
ISR,CCI,AMPLITUD,LTRENDIDX,M,2020-06-01,95.89322,
ISR,CCI,AMPLITUD,LTRENDIDX,M,2020-07-01,95.18557,
ISR,CCI,AMPLITUD,LTRENDIDX,M,2020-08-01,95.14679,
ISR,CCI,AMPLITUD,LTRENDIDX,M,2020-09-01,95.23189,
ISR,CCI,AMPLITUD,LTRENDIDX,M,2020-10-01,95.6093,
ISR,CCI,AMPLITUD,LTRENDIDX,M,2020-11-01,96.79682,
ISR,CCI,AMPLITUD,LTRENDIDX,M,2020-12-01,98.03419,
ISR,CCI,AMPLITUD,LTRENDIDX,M,2021-01-01,99.04256,
ISR,CCI,AMPLITUD,LTRENDIDX,M,2021-02-01,100.091,
ISR,CCI,AMPLITUD,LTRENDIDX,M,2021-03-01,101.2873,
RUS,CCI,AMPLITUD,LTRENDIDX,M,2020-01-01,100.2584,
RUS,CCI,AMPLITUD,LTRENDIDX,M,2020-02-01,99.74307,
RUS,CCI,AMPLITUD,LTRENDIDX,M,2020-03-01,98.46049,
RUS,CCI,AMPLITUD,LTRENDIDX,M,2020-04-01,96.93224,
RUS,CCI,AMPLITUD,LTRENDIDX,M,2020-05-01,95.86467,
RUS,CCI,AMPLITUD,LTRENDIDX,M,2020-06-01,95.79285,
RUS,CCI,AMPLITUD,LTRENDIDX,M,2020-07-01,96.26397,
RUS,CCI,AMPLITUD,LTRENDIDX,M,2020-08-01,96.70242,
RUS,CCI,AMPLITUD,LTRENDIDX,M,2020-09-01,96.73216,
RUS,CCI,AMPLITUD,LTRENDIDX,M,2020-10-01,96.53156,
RUS,CCI,AMPLITUD,LTRENDIDX,M,2020-11-01,96.40698,
RUS,CCI,AMPLITUD,LTRENDIDX,M,2020-12-01,96.59677,
RUS,CCI,AMPLITUD,LTRENDIDX,M,2021-01-01,96.99905,
RUS,CCI,AMPLITUD,LTRENDIDX,M,2021-02-01,97.47786,
LVA,CCI,AMPLITUD,LTRENDIDX,M,2020-01-01,101.1285,
LVA,CCI,AMPLITUD,LTRENDIDX,M,2020-02-01,100.1525,
LVA,CCI,AMPLITUD,LTRENDIDX,M,2020-03-01,98.04448,
LVA,CCI,AMPLITUD,LTRENDIDX,M,2020-04-01,95.60138,
LVA,CCI,AMPLITUD,LTRENDIDX,M,2020-05-01,95.05392,
LVA,CCI,AMPLITUD,LTRENDIDX,M,2020-06-01,95.49904,
LVA,CCI,AMPLITUD,LTRENDIDX,M,2020-07-01,96.04542,
LVA,CCI,AMPLITUD,LTRENDIDX,M,2020-08-01,96.64682,
LVA,CCI,AMPLITUD,LTRENDIDX,M,2020-09-01,96.64842,
LVA,CCI,AMPLITUD,LTRENDIDX,M,2020-10-01,96.37109,
LVA,CCI,AMPLITUD,LTRENDIDX,M,2020-11-01,95.5015,
LVA,CCI,AMPLITUD,LTRENDIDX,M,2020-12-01,94.73029,
LVA,CCI,AMPLITUD,LTRENDIDX,M,2021-01-01,94.64221,
LVA,CCI,AMPLITUD,LTRENDIDX,M,2021-02-01,95.16766,
LVA,CCI,AMPLITUD,LTRENDIDX,M,2021-03-01,96.45429,
LVA,CCI,AMPLITUD,LTRENDIDX,M,2021-04-01,98.83644,
LTU,CCI,AMPLITUD,LTRENDIDX,M,2020-01-01,102.9903,
LTU,CCI,AMPLITUD,LTRENDIDX,M,2020-02-01,102.4219,
LTU,CCI,AMPLITUD,LTRENDIDX,M,2020-03-01,101.0331,
LTU,CCI,AMPLITUD,LTRENDIDX,M,2020-04-01,99.44368,
LTU,CCI,AMPLITUD,LTRENDIDX,M,2020-05-01,99.18185,
LTU,CCI,AMPLITUD,LTRENDIDX,M,2020-06-01,99.78651,
LTU,CCI,AMPLITUD,LTRENDIDX,M,2020-07-01,100.4713,
LTU,CCI,AMPLITUD,LTRENDIDX,M,2020-08-01,101.0625,
LTU,CCI,AMPLITUD,LTRENDIDX,M,2020-09-01,101.5243,
LTU,CCI,AMPLITUD,LTRENDIDX,M,2020-10-01,101.5782,
LTU,CCI,AMPLITUD,LTRENDIDX,M,2020-11-01,101.1525,
LTU,CCI,AMPLITUD,LTRENDIDX,M,2020-12-01,100.9242,
LTU,CCI,AMPLITUD,LTRENDIDX,M,2021-01-01,100.9225,
LTU,CCI,AMPLITUD,LTRENDIDX,M,2021-02-01,101.2119,
LTU,CCI,AMPLITUD,LTRENDIDX,M,2021-03-01,101.8944,
LTU,CCI,AMPLITUD,LTRENDIDX,M,2021-04-01,102.8902,
COL,CCI,AMPLITUD,LTRENDIDX,M,2020-01-01,99.07352,
COL,CCI,AMPLITUD,LTRENDIDX,M,2020-02-01,98.7354,
COL,CCI,AMPLITUD,LTRENDIDX,M,2020-03-01,98.17323,
COL,CCI,AMPLITUD,LTRENDIDX,M,2020-04-01,97.67299,
COL,CCI,AMPLITUD,LTRENDIDX,M,2020-05-01,97.53609,
COL,CCI,AMPLITUD,LTRENDIDX,M,2020-06-01,97.59687,
COL,CCI,AMPLITUD,LTRENDIDX,M,2020-07-01,97.769,
COL,CCI,AMPLITUD,LTRENDIDX,M,2020-08-01,98.03516,
COL,CCI,AMPLITUD,LTRENDIDX,M,2020-09-01,98.29736,
COL,CCI,AMPLITUD,LTRENDIDX,M,2020-10-01,98.52034,
COL,CCI,AMPLITUD,LTRENDIDX,M,2020-11-01,98.68243,
COL,CCI,AMPLITUD,LTRENDIDX,M,2020-12-01,98.72095,
COL,CCI,AMPLITUD,LTRENDIDX,M,2021-01-01,98.65063,
COL,CCI,AMPLITUD,LTRENDIDX,M,2021-02-01,98.70445,
COL,CCI,AMPLITUD,LTRENDIDX,M,2021-03-01,98.82074,
CHL,CCI,AMPLITUD,LTRENDIDX,M,2020-01-01,96.47943,
CHL,CCI,AMPLITUD,LTRENDIDX,M,2020-02-01,96.33136,
CHL,CCI,AMPLITUD,LTRENDIDX,M,2020-03-01,95.63077,
CHL,CCI,AMPLITUD,LTRENDIDX,M,2020-04-01,94.72755,
CHL,CCI,AMPLITUD,LTRENDIDX,M,2020-05-01,94.17815,
CHL,CCI,AMPLITUD,LTRENDIDX,M,2020-06-01,94.04612,
CHL,CCI,AMPLITUD,LTRENDIDX,M,2020-07-01,94.35303,
CHL,CCI,AMPLITUD,LTRENDIDX,M,2020-08-01,94.97899,
CHL,CCI,AMPLITUD,LTRENDIDX,M,2020-09-01,95.58651,
CHL,CCI,AMPLITUD,LTRENDIDX,M,2020-10-01,96.09478,
CHL,CCI,AMPLITUD,LTRENDIDX,M,2020-11-01,96.34563,
CHL,CCI,AMPLITUD,LTRENDIDX,M,2020-12-01,96.46734,
CHL,CCI,AMPLITUD,LTRENDIDX,M,2021-01-01,96.52743,
CHL,CCI,AMPLITUD,LTRENDIDX,M,2021-02-01,96.48798,
CHL,CCI,AMPLITUD,LTRENDIDX,M,2021-03-01,96.05369,
CHL,CCI,AMPLITUD,LTRENDIDX,M,2021-04-01,95.35255,
CRI,CCI,AMPLITUD,LTRENDIDX,M,2020-01-01,98.57803,
CRI,CCI,AMPLITUD,LTRENDIDX,M,2020-02-01,98.89079,
CRI,CCI,AMPLITUD,LTRENDIDX,M,2020-03-01,99.01854,
CRI,CCI,AMPLITUD,LTRENDIDX,M,2020-04-01,98.96091,
CRI,CCI,AMPLITUD,LTRENDIDX,M,2020-05-01,98.66933,
CRI,CCI,AMPLITUD,LTRENDIDX,M,2020-06-01,98.09641,
CRI,CCI,AMPLITUD,LTRENDIDX,M,2020-07-01,97.47928,
CRI,CCI,AMPLITUD,LTRENDIDX,M,2020-08-01,97.1375,
CRI,CCI,AMPLITUD,LTRENDIDX,M,2020-09-01,97.31547,
CRI,CCI,AMPLITUD,LTRENDIDX,M,2020-10-01,97.7492,
CRI,CCI,AMPLITUD,LTRENDIDX,M,2020-11-01,98.09526,
CRI,CCI,AMPLITUD,LTRENDIDX,M,2020-12-01,98.10386,
CRI,CCI,AMPLITUD,LTRENDIDX,M,2021-01-01,97.87958,
CRI,CCI,AMPLITUD,LTRENDIDX,M,2021-02-01,97.55853,
CRI,CCI,AMPLITUD,LTRENDIDX,M,2021-03-01,97.21826,
CRI,CCI,AMPLITUD,LTRENDIDX,M,2021-04-01,96.88455,
CRI,CCI,AMPLITUD,LTRENDIDX,M,2021-05-01,96.55733,
