LOCATION,INDICATOR,SUBJECT,MEASURE,FREQUENCY,TIME,Value,Flag Codes
GBR,CLI,AMPLITUD,LTRENDIDX,M,2020-01-01,97.57538,
GBR,CLI,AMPLITUD,LTRENDIDX,M,2020-02-01,98.15751,
GBR,CLI,AMPLITUD,LTRENDIDX,M,2020-03-01,94.9718,
GBR,CLI,AMPLITUD,LTRENDIDX,M,2020-04-01,87.55693,
GBR,CLI,AMPLITUD,LTRENDIDX,M,2020-05-01,89.51174,
GBR,CLI,AMPLITUD,LTRENDIDX,M,2020-06-01,94.59898,
GBR,CLI,AMPLITUD,LTRENDIDX,M,2020-07-01,99.44744,
GBR,CLI,AMPLITUD,LTRENDIDX,M,2020-08-01,99.58253,
GBR,CLI,AMPLITUD,LTRENDIDX,M,2020-09-01,99.25047,
GBR,CLI,AMPLITUD,LTRENDIDX,M,2020-10-01,98.88685,
GBR,CLI,AMPLITUD,LTRENDIDX,M,2020-11-01,98.71222,
GBR,CLI,AMPLITUD,LTRENDIDX,M,2020-12-01,98.78935,
GBR,CLI,AMPLITUD,LTRENDIDX,M,2021-01-01,98.76279,
GBR,CLI,AMPLITUD,LTRENDIDX,M,2021-02-01,98.87803,
GBR,CLI,AMPLITUD,LTRENDIDX,M,2021-03-01,99.01472,
GBR,CLI,AMPLITUD,LTRENDIDX,M,2021-04-01,99.25193,
CHN,CLI,AMPLITUD,LTRENDIDX,M,2020-01-01,97.71964,
CHN,CLI,AMPLITUD,LTRENDIDX,M,2020-02-01,84.2522,
CHN,CLI,AMPLITUD,LTRENDIDX,M,2020-03-01,88.95119,
CHN,CLI,AMPLITUD,LTRENDIDX,M,2020-04-01,92.09441,
CHN,CLI,AMPLITUD,LTRENDIDX,M,2020-05-01,95.07121,
CHN,CLI,AMPLITUD,LTRENDIDX,M,2020-06-01,96.59234,
CHN,CLI,AMPLITUD,LTRENDIDX,M,2020-07-01,98.13715,
CHN,CLI,AMPLITUD,LTRENDIDX,M,2020-08-01,99.64285,
CHN,CLI,AMPLITUD,LTRENDIDX,M,2020-09-01,100.1387,
CHN,CLI,AMPLITUD,LTRENDIDX,M,2020-10-01,100.5689,
CHN,CLI,AMPLITUD,LTRENDIDX,M,2020-11-01,101.0126,
CHN,CLI,AMPLITUD,LTRENDIDX,M,2020-12-01,101.4438,
CHN,CLI,AMPLITUD,LTRENDIDX,M,2021-01-01,101.8497,
CHN,CLI,AMPLITUD,LTRENDIDX,M,2021-02-01,102.2362,
CHN,CLI,AMPLITUD,LTRENDIDX,M,2021-03-01,102.6283,
CHN,CLI,AMPLITUD,LTRENDIDX,M,2021-04-01,103.0184,
NOR,CLI,AMPLITUD,LTRENDIDX,M,2020-01-01,99.55293,
NOR,CLI,AMPLITUD,LTRENDIDX,M,2020-02-01,99.51731,
NOR,CLI,AMPLITUD,LTRENDIDX,M,2020-03-01,93.35548,
NOR,CLI,AMPLITUD,LTRENDIDX,M,2020-04-01,95.61994,
NOR,CLI,AMPLITUD,LTRENDIDX,M,2020-05-01,96.99474,
NOR,CLI,AMPLITUD,LTRENDIDX,M,2020-06-01,97.86197,
NOR,CLI,AMPLITUD,LTRENDIDX,M,2020-07-01,98.44382,
NOR,CLI,AMPLITUD,LTRENDIDX,M,2020-08-01,98.99464,
NOR,CLI,AMPLITUD,LTRENDIDX,M,2020-09-01,99.21539,
NOR,CLI,AMPLITUD,LTRENDIDX,M,2020-10-01,99.75292,
NOR,CLI,AMPLITUD,LTRENDIDX,M,2020-11-01,99.98632,
NOR,CLI,AMPLITUD,LTRENDIDX,M,2020-12-01,100.1647,
NOR,CLI,AMPLITUD,LTRENDIDX,M,2021-01-01,100.3183,
NOR,CLI,AMPLITUD,LTRENDIDX,M,2021-02-01,100.4296,
NOR,CLI,AMPLITUD,LTRENDIDX,M,2021-03-01,100.499,
NOR,CLI,AMPLITUD,LTRENDIDX,M,2021-04-01,100.5215,
SVK,CLI,AMPLITUD,LTRENDIDX,M,2020-01-01,99.93964,
SVK,CLI,AMPLITUD,LTRENDIDX,M,2020-02-01,99.77208,
SVK,CLI,AMPLITUD,LTRENDIDX,M,2020-03-01,98.47256,
SVK,CLI,AMPLITUD,LTRENDIDX,M,2020-04-01,89.93455,
SVK,CLI,AMPLITUD,LTRENDIDX,M,2020-05-01,91.54543,
SVK,CLI,AMPLITUD,LTRENDIDX,M,2020-06-01,94.84061,
SVK,CLI,AMPLITUD,LTRENDIDX,M,2020-07-01,95.19871,
SVK,CLI,AMPLITUD,LTRENDIDX,M,2020-08-01,96.24271,
SVK,CLI,AMPLITUD,LTRENDIDX,M,2020-09-01,96.25808,
SVK,CLI,AMPLITUD,LTRENDIDX,M,2020-10-01,96.2797,
SVK,CLI,AMPLITUD,LTRENDIDX,M,2020-11-01,96.31414,
SVK,CLI,AMPLITUD,LTRENDIDX,M,2020-12-01,96.35804,
SVK,CLI,AMPLITUD,LTRENDIDX,M,2021-01-01,96.38108,
SVK,CLI,AMPLITUD,LTRENDIDX,M,2021-02-01,96.4771,
SVK,CLI,AMPLITUD,LTRENDIDX,M,2021-03-01,96.63107,
SVK,CLI,AMPLITUD,LTRENDIDX,M,2021-04-01,96.93777,
BRA,CLI,AMPLITUD,LTRENDIDX,M,2020-01-01,102.3527,
BRA,CLI,AMPLITUD,LTRENDIDX,M,2020-02-01,101.6883,
BRA,CLI,AMPLITUD,LTRENDIDX,M,2020-03-01,100.0649,
BRA,CLI,AMPLITUD,LTRENDIDX,M,2020-04-01,92.79194,
BRA,CLI,AMPLITUD,LTRENDIDX,M,2020-05-01,94.94563,
BRA,CLI,AMPLITUD,LTRENDIDX,M,2020-06-01,99.41868,
BRA,CLI,AMPLITUD,LTRENDIDX,M,2020-07-01,101.0281,
BRA,CLI,AMPLITUD,LTRENDIDX,M,2020-08-01,101.6681,
BRA,CLI,AMPLITUD,LTRENDIDX,M,2020-09-01,102.2834,
BRA,CLI,AMPLITUD,LTRENDIDX,M,2020-10-01,102.8026,
BRA,CLI,AMPLITUD,LTRENDIDX,M,2020-11-01,103.1937,
BRA,CLI,AMPLITUD,LTRENDIDX,M,2020-12-01,103.4274,
BRA,CLI,AMPLITUD,LTRENDIDX,M,2021-01-01,103.4575,
BRA,CLI,AMPLITUD,LTRENDIDX,M,2021-02-01,103.3047,
BRA,CLI,AMPLITUD,LTRENDIDX,M,2021-03-01,103.0506,
BRA,CLI,AMPLITUD,LTRENDIDX,M,2021-04-01,102.7796,
BEL,CLI,AMPLITUD,LTRENDIDX,M,2020-01-01,99.74419,
BEL,CLI,AMPLITUD,LTRENDIDX,M,2020-02-01,99.66446,
BEL,CLI,AMPLITUD,LTRENDIDX,M,2020-03-01,97.31062,
BEL,CLI,AMPLITUD,LTRENDIDX,M,2020-04-01,91.9959,
BEL,CLI,AMPLITUD,LTRENDIDX,M,2020-05-01,94.58491,
BEL,CLI,AMPLITUD,LTRENDIDX,M,2020-06-01,96.78352,
BEL,CLI,AMPLITUD,LTRENDIDX,M,2020-07-01,98.37668,
BEL,CLI,AMPLITUD,LTRENDIDX,M,2020-08-01,99.37097,
BEL,CLI,AMPLITUD,LTRENDIDX,M,2020-09-01,99.53832,
BEL,CLI,AMPLITUD,LTRENDIDX,M,2020-10-01,99.66537,
BEL,CLI,AMPLITUD,LTRENDIDX,M,2020-11-01,99.79356,
BEL,CLI,AMPLITUD,LTRENDIDX,M,2020-12-01,99.99055,
BEL,CLI,AMPLITUD,LTRENDIDX,M,2021-01-01,100.0959,
BEL,CLI,AMPLITUD,LTRENDIDX,M,2021-02-01,100.2351,
BEL,CLI,AMPLITUD,LTRENDIDX,M,2021-03-01,100.4145,
BEL,CLI,AMPLITUD,LTRENDIDX,M,2021-04-01,100.6189,
HUN,CLI,AMPLITUD,LTRENDIDX,M,2020-01-01,99.48142,
HUN,CLI,AMPLITUD,LTRENDIDX,M,2020-02-01,99.35017,
HUN,CLI,AMPLITUD,LTRENDIDX,M,2020-03-01,98.49311,
HUN,CLI,AMPLITUD,LTRENDIDX,M,2020-04-01,92.19909,
HUN,CLI,AMPLITUD,LTRENDIDX,M,2020-05-01,92.49726,
HUN,CLI,AMPLITUD,LTRENDIDX,M,2020-06-01,94.82426,
HUN,CLI,AMPLITUD,LTRENDIDX,M,2020-07-01,95.39667,
HUN,CLI,AMPLITUD,LTRENDIDX,M,2020-08-01,95.82854,
HUN,CLI,AMPLITUD,LTRENDIDX,M,2020-09-01,95.90992,
HUN,CLI,AMPLITUD,LTRENDIDX,M,2020-10-01,96.03157,
HUN,CLI,AMPLITUD,LTRENDIDX,M,2020-11-01,96.17528,
HUN,CLI,AMPLITUD,LTRENDIDX,M,2020-12-01,96.32266,
HUN,CLI,AMPLITUD,LTRENDIDX,M,2021-01-01,96.45798,
HUN,CLI,AMPLITUD,LTRENDIDX,M,2021-02-01,96.58473,
HUN,CLI,AMPLITUD,LTRENDIDX,M,2021-03-01,96.70139,
HUN,CLI,AMPLITUD,LTRENDIDX,M,2021-04-01,96.8199,
OECDE,CLI,AMPLITUD,LTRENDIDX,M,2020-01-01,99.28577,
OECDE,CLI,AMPLITUD,LTRENDIDX,M,2020-02-01,99.2728,
OECDE,CLI,AMPLITUD,LTRENDIDX,M,2020-03-01,96.42242,
OECDE,CLI,AMPLITUD,LTRENDIDX,M,2020-04-01,89.56841,
OECDE,CLI,AMPLITUD,LTRENDIDX,M,2020-05-01,92.58434,
OECDE,CLI,AMPLITUD,LTRENDIDX,M,2020-06-01,96.74223,
OECDE,CLI,AMPLITUD,LTRENDIDX,M,2020-07-01,98.29674,
OECDE,CLI,AMPLITUD,LTRENDIDX,M,2020-08-01,98.73608,
OECDE,CLI,AMPLITUD,LTRENDIDX,M,2020-09-01,98.89113,
OECDE,CLI,AMPLITUD,LTRENDIDX,M,2020-10-01,98.95069,
OECDE,CLI,AMPLITUD,LTRENDIDX,M,2020-11-01,99.02708,
OECDE,CLI,AMPLITUD,LTRENDIDX,M,2020-12-01,99.15762,
OECDE,CLI,AMPLITUD,LTRENDIDX,M,2021-01-01,99.25645,
OECDE,CLI,AMPLITUD,LTRENDIDX,M,2021-02-01,99.42522,
OECDE,CLI,AMPLITUD,LTRENDIDX,M,2021-03-01,99.64921,
OECDE,CLI,AMPLITUD,LTRENDIDX,M,2021-04-01,99.89265,
OECD,CLI,AMPLITUD,LTRENDIDX,M,2020-01-01,99.21393,
OECD,CLI,AMPLITUD,LTRENDIDX,M,2020-02-01,99.17676,
OECD,CLI,AMPLITUD,LTRENDIDX,M,2020-03-01,97.02644,
OECD,CLI,AMPLITUD,LTRENDIDX,M,2020-04-01,91.73483,
OECD,CLI,AMPLITUD,LTRENDIDX,M,2020-05-01,93.71049,
OECD,CLI,AMPLITUD,LTRENDIDX,M,2020-06-01,96.49111,
OECD,CLI,AMPLITUD,LTRENDIDX,M,2020-07-01,97.86983,
OECD,CLI,AMPLITUD,LTRENDIDX,M,2020-08-01,98.43673,
OECD,CLI,AMPLITUD,LTRENDIDX,M,2020-09-01,98.64909,
OECD,CLI,AMPLITUD,LTRENDIDX,M,2020-10-01,98.85778,
OECD,CLI,AMPLITUD,LTRENDIDX,M,2020-11-01,99.10575,
OECD,CLI,AMPLITUD,LTRENDIDX,M,2020-12-01,99.34931,
OECD,CLI,AMPLITUD,LTRENDIDX,M,2021-01-01,99.55236,
OECD,CLI,AMPLITUD,LTRENDIDX,M,2021-02-01,99.78973,
OECD,CLI,AMPLITUD,LTRENDIDX,M,2021-03-01,100.0403,
OECD,CLI,AMPLITUD,LTRENDIDX,M,2021-04-01,100.2854,
ESP,CLI,AMPLITUD,LTRENDIDX,M,2020-01-01,100.1384,
ESP,CLI,AMPLITUD,LTRENDIDX,M,2020-02-01,99.53339,
ESP,CLI,AMPLITUD,LTRENDIDX,M,2020-03-01,95.10986,
ESP,CLI,AMPLITUD,LTRENDIDX,M,2020-04-01,90.93557,
ESP,CLI,AMPLITUD,LTRENDIDX,M,2020-05-01,92.79617,
ESP,CLI,AMPLITUD,LTRENDIDX,M,2020-06-01,96.20515,
ESP,CLI,AMPLITUD,LTRENDIDX,M,2020-07-01,96.16795,
ESP,CLI,AMPLITUD,LTRENDIDX,M,2020-08-01,96.01608,
ESP,CLI,AMPLITUD,LTRENDIDX,M,2020-09-01,95.82857,
ESP,CLI,AMPLITUD,LTRENDIDX,M,2020-10-01,95.76151,
ESP,CLI,AMPLITUD,LTRENDIDX,M,2020-11-01,95.78506,
ESP,CLI,AMPLITUD,LTRENDIDX,M,2020-12-01,95.88284,
ESP,CLI,AMPLITUD,LTRENDIDX,M,2021-01-01,95.97368,
ESP,CLI,AMPLITUD,LTRENDIDX,M,2021-02-01,96.2634,
ESP,CLI,AMPLITUD,LTRENDIDX,M,2021-03-01,96.52749,
ESP,CLI,AMPLITUD,LTRENDIDX,M,2021-04-01,96.81882,
TUR,CLI,AMPLITUD,LTRENDIDX,M,2020-01-01,100.9376,
TUR,CLI,AMPLITUD,LTRENDIDX,M,2020-02-01,100.931,
TUR,CLI,AMPLITUD,LTRENDIDX,M,2020-03-01,98.31328,
TUR,CLI,AMPLITUD,LTRENDIDX,M,2020-04-01,75.84483,
TUR,CLI,AMPLITUD,LTRENDIDX,M,2020-05-01,88.97273,
TUR,CLI,AMPLITUD,LTRENDIDX,M,2020-06-01,98.34872,
TUR,CLI,AMPLITUD,LTRENDIDX,M,2020-07-01,100.5517,
TUR,CLI,AMPLITUD,LTRENDIDX,M,2020-08-01,100.9082,
TUR,CLI,AMPLITUD,LTRENDIDX,M,2020-09-01,101.0067,
TUR,CLI,AMPLITUD,LTRENDIDX,M,2020-10-01,101.0819,
TUR,CLI,AMPLITUD,LTRENDIDX,M,2020-11-01,101.112,
TUR,CLI,AMPLITUD,LTRENDIDX,M,2020-12-01,101.1246,
TUR,CLI,AMPLITUD,LTRENDIDX,M,2021-01-01,101.1379,
TUR,CLI,AMPLITUD,LTRENDIDX,M,2021-02-01,101.1727,
TUR,CLI,AMPLITUD,LTRENDIDX,M,2021-03-01,101.2166,
TUR,CLI,AMPLITUD,LTRENDIDX,M,2021-04-01,101.25,
CHL,CLI,AMPLITUD,LTRENDIDX,M,2020-01-01,97.61623,
CHL,CLI,AMPLITUD,LTRENDIDX,M,2020-02-01,97.91573,
CHL,CLI,AMPLITUD,LTRENDIDX,M,2020-03-01,96.22911,
CHL,CLI,AMPLITUD,LTRENDIDX,M,2020-04-01,93.65336,
CHL,CLI,AMPLITUD,LTRENDIDX,M,2020-05-01,96.08361,
CHL,CLI,AMPLITUD,LTRENDIDX,M,2020-06-01,97.77164,
CHL,CLI,AMPLITUD,LTRENDIDX,M,2020-07-01,99.39551,
CHL,CLI,AMPLITUD,LTRENDIDX,M,2020-08-01,100.5809,
CHL,CLI,AMPLITUD,LTRENDIDX,M,2020-09-01,101.7295,
CHL,CLI,AMPLITUD,LTRENDIDX,M,2020-10-01,102.4094,
CHL,CLI,AMPLITUD,LTRENDIDX,M,2020-11-01,102.6429,
CHL,CLI,AMPLITUD,LTRENDIDX,M,2020-12-01,102.7854,
CHL,CLI,AMPLITUD,LTRENDIDX,M,2021-01-01,102.8767,
CHL,CLI,AMPLITUD,LTRENDIDX,M,2021-02-01,102.9158,
CHL,CLI,AMPLITUD,LTRENDIDX,M,2021-03-01,102.9389,
CHL,CLI,AMPLITUD,LTRENDIDX,M,2021-04-01,102.9677,
ITA,CLI,AMPLITUD,LTRENDIDX,M,2020-01-01,99.32479,
ITA,CLI,AMPLITUD,LTRENDIDX,M,2020-02-01,99.27407,
ITA,CLI,AMPLITUD,LTRENDIDX,M,2020-03-01,94.89584,
ITA,CLI,AMPLITUD,LTRENDIDX,M,2020-04-01,90.07416,
ITA,CLI,AMPLITUD,LTRENDIDX,M,2020-05-01,93.22267,
ITA,CLI,AMPLITUD,LTRENDIDX,M,2020-06-01,96.49142,
ITA,CLI,AMPLITUD,LTRENDIDX,M,2020-07-01,97.66611,
ITA,CLI,AMPLITUD,LTRENDIDX,M,2020-08-01,98.53211,
ITA,CLI,AMPLITUD,LTRENDIDX,M,2020-09-01,99.03493,
ITA,CLI,AMPLITUD,LTRENDIDX,M,2020-10-01,99.35284,
ITA,CLI,AMPLITUD,LTRENDIDX,M,2020-11-01,99.45411,
ITA,CLI,AMPLITUD,LTRENDIDX,M,2020-12-01,99.60228,
ITA,CLI,AMPLITUD,LTRENDIDX,M,2021-01-01,99.79934,
ITA,CLI,AMPLITUD,LTRENDIDX,M,2021-02-01,100.0506,
ITA,CLI,AMPLITUD,LTRENDIDX,M,2021-03-01,100.4177,
ITA,CLI,AMPLITUD,LTRENDIDX,M,2021-04-01,100.7932,
IDN,CLI,AMPLITUD,LTRENDIDX,M,2020-01-01,100.536,
IDN,CLI,AMPLITUD,LTRENDIDX,M,2020-02-01,99.27959,
IDN,CLI,AMPLITUD,LTRENDIDX,M,2020-03-01,97.12894,
IDN,CLI,AMPLITUD,LTRENDIDX,M,2020-04-01,93.89416,
IDN,CLI,AMPLITUD,LTRENDIDX,M,2020-05-01,93.45417,
IDN,CLI,AMPLITUD,LTRENDIDX,M,2020-06-01,93.9696,
IDN,CLI,AMPLITUD,LTRENDIDX,M,2020-07-01,94.29907,
IDN,CLI,AMPLITUD,LTRENDIDX,M,2020-08-01,94.52737,
IDN,CLI,AMPLITUD,LTRENDIDX,M,2020-09-01,94.48264,
IDN,CLI,AMPLITUD,LTRENDIDX,M,2020-10-01,94.56702,
IDN,CLI,AMPLITUD,LTRENDIDX,M,2020-11-01,94.8684,
IDN,CLI,AMPLITUD,LTRENDIDX,M,2020-12-01,95.07856,
IDN,CLI,AMPLITUD,LTRENDIDX,M,2021-01-01,95.0912,
IDN,CLI,AMPLITUD,LTRENDIDX,M,2021-02-01,95.20325,
IDN,CLI,AMPLITUD,LTRENDIDX,M,2021-03-01,95.24995,
IDN,CLI,AMPLITUD,LTRENDIDX,M,2021-04-01,95.29189,
IRL,CLI,AMPLITUD,LTRENDIDX,M,2020-01-01,99.82246,
IRL,CLI,AMPLITUD,LTRENDIDX,M,2020-02-01,99.50597,
IRL,CLI,AMPLITUD,LTRENDIDX,M,2020-03-01,98.46394,
IRL,CLI,AMPLITUD,LTRENDIDX,M,2020-04-01,93.05258,
IRL,CLI,AMPLITUD,LTRENDIDX,M,2020-05-01,93.2784,
IRL,CLI,AMPLITUD,LTRENDIDX,M,2020-06-01,97.39922,
IRL,CLI,AMPLITUD,LTRENDIDX,M,2020-07-01,99.07641,
IRL,CLI,AMPLITUD,LTRENDIDX,M,2020-08-01,99.41253,
IRL,CLI,AMPLITUD,LTRENDIDX,M,2020-09-01,99.77345,
IRL,CLI,AMPLITUD,LTRENDIDX,M,2020-10-01,100.0373,
IRL,CLI,AMPLITUD,LTRENDIDX,M,2020-11-01,100.1827,
IRL,CLI,AMPLITUD,LTRENDIDX,M,2020-12-01,100.2907,
IRL,CLI,AMPLITUD,LTRENDIDX,M,2021-01-01,100.4042,
IRL,CLI,AMPLITUD,LTRENDIDX,M,2021-02-01,100.5271,
IRL,CLI,AMPLITUD,LTRENDIDX,M,2021-03-01,100.6325,
IRL,CLI,AMPLITUD,LTRENDIDX,M,2021-04-01,100.7428,
FIN,CLI,AMPLITUD,LTRENDIDX,M,2020-01-01,99.29382,
FIN,CLI,AMPLITUD,LTRENDIDX,M,2020-02-01,99.31195,
FIN,CLI,AMPLITUD,LTRENDIDX,M,2020-03-01,98.7793,
FIN,CLI,AMPLITUD,LTRENDIDX,M,2020-04-01,96.74546,
FIN,CLI,AMPLITUD,LTRENDIDX,M,2020-05-01,97.58727,
FIN,CLI,AMPLITUD,LTRENDIDX,M,2020-06-01,98.53147,
FIN,CLI,AMPLITUD,LTRENDIDX,M,2020-07-01,99.31237,
FIN,CLI,AMPLITUD,LTRENDIDX,M,2020-08-01,99.38786,
FIN,CLI,AMPLITUD,LTRENDIDX,M,2020-09-01,99.51378,
FIN,CLI,AMPLITUD,LTRENDIDX,M,2020-10-01,99.70724,
FIN,CLI,AMPLITUD,LTRENDIDX,M,2020-11-01,99.94815,
FIN,CLI,AMPLITUD,LTRENDIDX,M,2020-12-01,100.2054,
FIN,CLI,AMPLITUD,LTRENDIDX,M,2021-01-01,100.4721,
FIN,CLI,AMPLITUD,LTRENDIDX,M,2021-02-01,100.7412,
FIN,CLI,AMPLITUD,LTRENDIDX,M,2021-03-01,101.0221,
FIN,CLI,AMPLITUD,LTRENDIDX,M,2021-04-01,101.3155,
DNK,CLI,AMPLITUD,LTRENDIDX,M,2020-01-01,99.32348,
DNK,CLI,AMPLITUD,LTRENDIDX,M,2020-02-01,99.1506,
DNK,CLI,AMPLITUD,LTRENDIDX,M,2020-03-01,97.03499,
DNK,CLI,AMPLITUD,LTRENDIDX,M,2020-04-01,95.18485,
DNK,CLI,AMPLITUD,LTRENDIDX,M,2020-05-01,97.01972,
DNK,CLI,AMPLITUD,LTRENDIDX,M,2020-06-01,98.69159,
DNK,CLI,AMPLITUD,LTRENDIDX,M,2020-07-01,99.13553,
DNK,CLI,AMPLITUD,LTRENDIDX,M,2020-08-01,99.22704,
DNK,CLI,AMPLITUD,LTRENDIDX,M,2020-09-01,99.36842,
DNK,CLI,AMPLITUD,LTRENDIDX,M,2020-10-01,99.55998,
DNK,CLI,AMPLITUD,LTRENDIDX,M,2020-11-01,99.77445,
DNK,CLI,AMPLITUD,LTRENDIDX,M,2020-12-01,100.0004,
DNK,CLI,AMPLITUD,LTRENDIDX,M,2021-01-01,98.81496,
DNK,CLI,AMPLITUD,LTRENDIDX,M,2021-02-01,98.86436,
DNK,CLI,AMPLITUD,LTRENDIDX,M,2021-03-01,100.5785,
DNK,CLI,AMPLITUD,LTRENDIDX,M,2021-04-01,100.8523,
AUT,CLI,AMPLITUD,LTRENDIDX,M,2020-01-01,99.79874,
AUT,CLI,AMPLITUD,LTRENDIDX,M,2020-02-01,99.79921,
AUT,CLI,AMPLITUD,LTRENDIDX,M,2020-03-01,98.49259,
AUT,CLI,AMPLITUD,LTRENDIDX,M,2020-04-01,94.63042,
AUT,CLI,AMPLITUD,LTRENDIDX,M,2020-05-01,95.54492,
AUT,CLI,AMPLITUD,LTRENDIDX,M,2020-06-01,97.13953,
AUT,CLI,AMPLITUD,LTRENDIDX,M,2020-07-01,97.71126,
AUT,CLI,AMPLITUD,LTRENDIDX,M,2020-08-01,98.02078,
AUT,CLI,AMPLITUD,LTRENDIDX,M,2020-09-01,98.44218,
AUT,CLI,AMPLITUD,LTRENDIDX,M,2020-10-01,98.36418,
AUT,CLI,AMPLITUD,LTRENDIDX,M,2020-11-01,98.54804,
AUT,CLI,AMPLITUD,LTRENDIDX,M,2020-12-01,98.67928,
AUT,CLI,AMPLITUD,LTRENDIDX,M,2021-01-01,98.72716,
AUT,CLI,AMPLITUD,LTRENDIDX,M,2021-02-01,98.93066,
AUT,CLI,AMPLITUD,LTRENDIDX,M,2021-03-01,99.14943,
AUT,CLI,AMPLITUD,LTRENDIDX,M,2021-04-01,99.43387,
GRC,CLI,AMPLITUD,LTRENDIDX,M,2020-01-01,100.6597,
GRC,CLI,AMPLITUD,LTRENDIDX,M,2020-02-01,100.3039,
GRC,CLI,AMPLITUD,LTRENDIDX,M,2020-03-01,99.75577,
GRC,CLI,AMPLITUD,LTRENDIDX,M,2020-04-01,95.28757,
GRC,CLI,AMPLITUD,LTRENDIDX,M,2020-05-01,96.40347,
GRC,CLI,AMPLITUD,LTRENDIDX,M,2020-06-01,96.62278,
GRC,CLI,AMPLITUD,LTRENDIDX,M,2020-07-01,97.83028,
GRC,CLI,AMPLITUD,LTRENDIDX,M,2020-08-01,97.90302,
GRC,CLI,AMPLITUD,LTRENDIDX,M,2020-09-01,97.93132,
GRC,CLI,AMPLITUD,LTRENDIDX,M,2020-10-01,97.99545,
GRC,CLI,AMPLITUD,LTRENDIDX,M,2020-11-01,98.08432,
GRC,CLI,AMPLITUD,LTRENDIDX,M,2020-12-01,98.19067,
GRC,CLI,AMPLITUD,LTRENDIDX,M,2021-01-01,98.32395,
GRC,CLI,AMPLITUD,LTRENDIDX,M,2021-02-01,98.41022,
GRC,CLI,AMPLITUD,LTRENDIDX,M,2021-03-01,98.43904,
GRC,CLI,AMPLITUD,LTRENDIDX,M,2021-04-01,98.52152,
EST,CLI,AMPLITUD,LTRENDIDX,M,2020-01-01,97.91655,
EST,CLI,AMPLITUD,LTRENDIDX,M,2020-02-01,97.80994,
EST,CLI,AMPLITUD,LTRENDIDX,M,2020-03-01,97.5348,
EST,CLI,AMPLITUD,LTRENDIDX,M,2020-04-01,87.51949,
EST,CLI,AMPLITUD,LTRENDIDX,M,2020-05-01,89.37389,
EST,CLI,AMPLITUD,LTRENDIDX,M,2020-06-01,92.68872,
EST,CLI,AMPLITUD,LTRENDIDX,M,2020-07-01,96.02878,
EST,CLI,AMPLITUD,LTRENDIDX,M,2020-08-01,97.90485,
EST,CLI,AMPLITUD,LTRENDIDX,M,2020-09-01,98.73365,
EST,CLI,AMPLITUD,LTRENDIDX,M,2020-10-01,99.61057,
EST,CLI,AMPLITUD,LTRENDIDX,M,2020-11-01,100.4054,
EST,CLI,AMPLITUD,LTRENDIDX,M,2020-12-01,101.1496,
EST,CLI,AMPLITUD,LTRENDIDX,M,2021-01-01,101.7259,
EST,CLI,AMPLITUD,LTRENDIDX,M,2021-02-01,102.1857,
EST,CLI,AMPLITUD,LTRENDIDX,M,2021-03-01,102.5622,
EST,CLI,AMPLITUD,LTRENDIDX,M,2021-04-01,102.8602,
SVN,CLI,AMPLITUD,LTRENDIDX,M,2020-01-01,98.79385,
SVN,CLI,AMPLITUD,LTRENDIDX,M,2020-02-01,98.67246,
SVN,CLI,AMPLITUD,LTRENDIDX,M,2020-03-01,98.45996,
SVN,CLI,AMPLITUD,LTRENDIDX,M,2020-04-01,91.94109,
SVN,CLI,AMPLITUD,LTRENDIDX,M,2020-05-01,89.47281,
SVN,CLI,AMPLITUD,LTRENDIDX,M,2020-06-01,90.37037,
SVN,CLI,AMPLITUD,LTRENDIDX,M,2020-07-01,92.43679,
SVN,CLI,AMPLITUD,LTRENDIDX,M,2020-08-01,95.43928,
SVN,CLI,AMPLITUD,LTRENDIDX,M,2020-09-01,97.46786,
SVN,CLI,AMPLITUD,LTRENDIDX,M,2020-10-01,97.67328,
SVN,CLI,AMPLITUD,LTRENDIDX,M,2020-11-01,97.94706,
SVN,CLI,AMPLITUD,LTRENDIDX,M,2020-12-01,98.24992,
SVN,CLI,AMPLITUD,LTRENDIDX,M,2021-01-01,98.5631,
SVN,CLI,AMPLITUD,LTRENDIDX,M,2021-02-01,98.87818,
SVN,CLI,AMPLITUD,LTRENDIDX,M,2021-03-01,99.17348,
SVN,CLI,AMPLITUD,LTRENDIDX,M,2021-04-01,99.43758,
KOR,CLI,AMPLITUD,LTRENDIDX,M,2020-01-01,98.92477,
KOR,CLI,AMPLITUD,LTRENDIDX,M,2020-02-01,98.92356,
KOR,CLI,AMPLITUD,LTRENDIDX,M,2020-03-01,98.90054,
KOR,CLI,AMPLITUD,LTRENDIDX,M,2020-04-01,98.9015,
KOR,CLI,AMPLITUD,LTRENDIDX,M,2020-05-01,98.95907,
KOR,CLI,AMPLITUD,LTRENDIDX,M,2020-06-01,99.11198,
KOR,CLI,AMPLITUD,LTRENDIDX,M,2020-07-01,99.35754,
KOR,CLI,AMPLITUD,LTRENDIDX,M,2020-08-01,99.66284,
KOR,CLI,AMPLITUD,LTRENDIDX,M,2020-09-01,99.992,
KOR,CLI,AMPLITUD,LTRENDIDX,M,2020-10-01,100.3088,
KOR,CLI,AMPLITUD,LTRENDIDX,M,2020-11-01,100.5999,
KOR,CLI,AMPLITUD,LTRENDIDX,M,2020-12-01,100.8686,
KOR,CLI,AMPLITUD,LTRENDIDX,M,2021-01-01,101.1448,
KOR,CLI,AMPLITUD,LTRENDIDX,M,2021-02-01,101.4268,
KOR,CLI,AMPLITUD,LTRENDIDX,M,2021-03-01,101.7114,
KOR,CLI,AMPLITUD,LTRENDIDX,M,2021-04-01,102.0022,
JPN,CLI,AMPLITUD,LTRENDIDX,M,2020-01-01,99.38741,
JPN,CLI,AMPLITUD,LTRENDIDX,M,2020-02-01,99.22869,
JPN,CLI,AMPLITUD,LTRENDIDX,M,2020-03-01,98.74046,
JPN,CLI,AMPLITUD,LTRENDIDX,M,2020-04-01,98.27341,
JPN,CLI,AMPLITUD,LTRENDIDX,M,2020-05-01,97.76765,
JPN,CLI,AMPLITUD,LTRENDIDX,M,2020-06-01,97.90468,
JPN,CLI,AMPLITUD,LTRENDIDX,M,2020-07-01,98.48582,
JPN,CLI,AMPLITUD,LTRENDIDX,M,2020-08-01,98.99657,
JPN,CLI,AMPLITUD,LTRENDIDX,M,2020-09-01,99.21339,
JPN,CLI,AMPLITUD,LTRENDIDX,M,2020-10-01,99.39927,
JPN,CLI,AMPLITUD,LTRENDIDX,M,2020-11-01,99.58988,
JPN,CLI,AMPLITUD,LTRENDIDX,M,2020-12-01,99.77161,
JPN,CLI,AMPLITUD,LTRENDIDX,M,2021-01-01,99.95148,
JPN,CLI,AMPLITUD,LTRENDIDX,M,2021-02-01,100.1228,
JPN,CLI,AMPLITUD,LTRENDIDX,M,2021-03-01,100.2889,
JPN,CLI,AMPLITUD,LTRENDIDX,M,2021-04-01,100.4012,
POL,CLI,AMPLITUD,LTRENDIDX,M,2020-01-01,97.48037,
POL,CLI,AMPLITUD,LTRENDIDX,M,2020-02-01,97.75263,
POL,CLI,AMPLITUD,LTRENDIDX,M,2020-03-01,97.16983,
POL,CLI,AMPLITUD,LTRENDIDX,M,2020-04-01,95.90635,
POL,CLI,AMPLITUD,LTRENDIDX,M,2020-05-01,93.79539,
POL,CLI,AMPLITUD,LTRENDIDX,M,2020-06-01,94.97707,
POL,CLI,AMPLITUD,LTRENDIDX,M,2020-07-01,96.8419,
POL,CLI,AMPLITUD,LTRENDIDX,M,2020-08-01,98.32243,
POL,CLI,AMPLITUD,LTRENDIDX,M,2020-09-01,99.30389,
POL,CLI,AMPLITUD,LTRENDIDX,M,2020-10-01,99.48875,
POL,CLI,AMPLITUD,LTRENDIDX,M,2020-11-01,99.81053,
POL,CLI,AMPLITUD,LTRENDIDX,M,2020-12-01,100.0686,
POL,CLI,AMPLITUD,LTRENDIDX,M,2021-01-01,100.2473,
POL,CLI,AMPLITUD,LTRENDIDX,M,2021-02-01,100.3181,
POL,CLI,AMPLITUD,LTRENDIDX,M,2021-03-01,100.4046,
POL,CLI,AMPLITUD,LTRENDIDX,M,2021-04-01,100.4439,
FRA,CLI,AMPLITUD,LTRENDIDX,M,2020-01-01,99.62969,
FRA,CLI,AMPLITUD,LTRENDIDX,M,2020-02-01,99.55466,
FRA,CLI,AMPLITUD,LTRENDIDX,M,2020-03-01,95.17373,
FRA,CLI,AMPLITUD,LTRENDIDX,M,2020-04-01,88.23345,
FRA,CLI,AMPLITUD,LTRENDIDX,M,2020-05-01,93.00197,
FRA,CLI,AMPLITUD,LTRENDIDX,M,2020-06-01,97.58797,
FRA,CLI,AMPLITUD,LTRENDIDX,M,2020-07-01,97.61781,
FRA,CLI,AMPLITUD,LTRENDIDX,M,2020-08-01,97.841,
FRA,CLI,AMPLITUD,LTRENDIDX,M,2020-09-01,97.87656,
FRA,CLI,AMPLITUD,LTRENDIDX,M,2020-10-01,97.87344,
FRA,CLI,AMPLITUD,LTRENDIDX,M,2020-11-01,97.85473,
FRA,CLI,AMPLITUD,LTRENDIDX,M,2020-12-01,97.81598,
FRA,CLI,AMPLITUD,LTRENDIDX,M,2021-01-01,97.79553,
FRA,CLI,AMPLITUD,LTRENDIDX,M,2021-02-01,97.85217,
FRA,CLI,AMPLITUD,LTRENDIDX,M,2021-03-01,97.9521,
FRA,CLI,AMPLITUD,LTRENDIDX,M,2021-04-01,98.13249,
USA,CLI,AMPLITUD,LTRENDIDX,M,2020-01-01,99.07898,
USA,CLI,AMPLITUD,LTRENDIDX,M,2020-02-01,98.99458,
USA,CLI,AMPLITUD,LTRENDIDX,M,2020-03-01,97.25642,
USA,CLI,AMPLITUD,LTRENDIDX,M,2020-04-01,91.94878,
USA,CLI,AMPLITUD,LTRENDIDX,M,2020-05-01,93.594,
USA,CLI,AMPLITUD,LTRENDIDX,M,2020-06-01,95.53195,
USA,CLI,AMPLITUD,LTRENDIDX,M,2020-07-01,97.22849,
USA,CLI,AMPLITUD,LTRENDIDX,M,2020-08-01,97.95334,
USA,CLI,AMPLITUD,LTRENDIDX,M,2020-09-01,98.2051,
USA,CLI,AMPLITUD,LTRENDIDX,M,2020-10-01,98.52628,
USA,CLI,AMPLITUD,LTRENDIDX,M,2020-11-01,98.87962,
USA,CLI,AMPLITUD,LTRENDIDX,M,2020-12-01,99.24871,
USA,CLI,AMPLITUD,LTRENDIDX,M,2021-01-01,99.57356,
USA,CLI,AMPLITUD,LTRENDIDX,M,2021-02-01,99.91068,
USA,CLI,AMPLITUD,LTRENDIDX,M,2021-03-01,100.2248,
USA,CLI,AMPLITUD,LTRENDIDX,M,2021-04-01,100.5033,
CZE,CLI,AMPLITUD,LTRENDIDX,M,2020-01-01,98.21351,
CZE,CLI,AMPLITUD,LTRENDIDX,M,2020-02-01,97.82627,
CZE,CLI,AMPLITUD,LTRENDIDX,M,2020-03-01,95.49668,
CZE,CLI,AMPLITUD,LTRENDIDX,M,2020-04-01,86.52053,
CZE,CLI,AMPLITUD,LTRENDIDX,M,2020-05-01,91.08502,
CZE,CLI,AMPLITUD,LTRENDIDX,M,2020-06-01,94.67184,
CZE,CLI,AMPLITUD,LTRENDIDX,M,2020-07-01,96.30289,
CZE,CLI,AMPLITUD,LTRENDIDX,M,2020-08-01,97.3347,
CZE,CLI,AMPLITUD,LTRENDIDX,M,2020-09-01,97.65288,
CZE,CLI,AMPLITUD,LTRENDIDX,M,2020-10-01,97.29494,
CZE,CLI,AMPLITUD,LTRENDIDX,M,2020-11-01,97.34845,
CZE,CLI,AMPLITUD,LTRENDIDX,M,2020-12-01,97.79626,
CZE,CLI,AMPLITUD,LTRENDIDX,M,2021-01-01,97.89944,
CZE,CLI,AMPLITUD,LTRENDIDX,M,2021-02-01,97.89449,
CZE,CLI,AMPLITUD,LTRENDIDX,M,2021-03-01,97.87606,
CZE,CLI,AMPLITUD,LTRENDIDX,M,2021-04-01,98.01221,
IND,CLI,AMPLITUD,LTRENDIDX,M,2020-01-01,99.57935,
IND,CLI,AMPLITUD,LTRENDIDX,M,2020-02-01,99.62074,
IND,CLI,AMPLITUD,LTRENDIDX,M,2020-03-01,87.13284,
IND,CLI,AMPLITUD,LTRENDIDX,M,2020-04-01,66.32992,
IND,CLI,AMPLITUD,LTRENDIDX,M,2020-05-01,81.35574,
IND,CLI,AMPLITUD,LTRENDIDX,M,2020-06-01,88.9336,
IND,CLI,AMPLITUD,LTRENDIDX,M,2020-07-01,94.04058,
IND,CLI,AMPLITUD,LTRENDIDX,M,2020-08-01,95.4996,
IND,CLI,AMPLITUD,LTRENDIDX,M,2020-09-01,96.7542,
IND,CLI,AMPLITUD,LTRENDIDX,M,2020-10-01,96.88797,
IND,CLI,AMPLITUD,LTRENDIDX,M,2020-11-01,96.98951,
IND,CLI,AMPLITUD,LTRENDIDX,M,2020-12-01,97.11568,
IND,CLI,AMPLITUD,LTRENDIDX,M,2021-01-01,97.40739,
IND,CLI,AMPLITUD,LTRENDIDX,M,2021-02-01,97.73466,
IND,CLI,AMPLITUD,LTRENDIDX,M,2021-03-01,97.87861,
IND,CLI,AMPLITUD,LTRENDIDX,M,2021-04-01,98.01694,
DEU,CLI,AMPLITUD,LTRENDIDX,M,2020-01-01,99.05698,
DEU,CLI,AMPLITUD,LTRENDIDX,M,2020-02-01,99.07892,
DEU,CLI,AMPLITUD,LTRENDIDX,M,2020-03-01,96.37859,
DEU,CLI,AMPLITUD,LTRENDIDX,M,2020-04-01,91.17522,
DEU,CLI,AMPLITUD,LTRENDIDX,M,2020-05-01,93.09485,
DEU,CLI,AMPLITUD,LTRENDIDX,M,2020-06-01,97.72148,
DEU,CLI,AMPLITUD,LTRENDIDX,M,2020-07-01,98.94756,
DEU,CLI,AMPLITUD,LTRENDIDX,M,2020-08-01,99.35927,
DEU,CLI,AMPLITUD,LTRENDIDX,M,2020-09-01,99.53242,
DEU,CLI,AMPLITUD,LTRENDIDX,M,2020-10-01,99.69285,
DEU,CLI,AMPLITUD,LTRENDIDX,M,2020-11-01,99.8362,
DEU,CLI,AMPLITUD,LTRENDIDX,M,2020-12-01,100.0061,
DEU,CLI,AMPLITUD,LTRENDIDX,M,2021-01-01,100.222,
DEU,CLI,AMPLITUD,LTRENDIDX,M,2021-02-01,100.4964,
DEU,CLI,AMPLITUD,LTRENDIDX,M,2021-03-01,100.8125,
DEU,CLI,AMPLITUD,LTRENDIDX,M,2021-04-01,101.1415,
AUS,CLI,AMPLITUD,LTRENDIDX,M,2020-01-01,99.978,
AUS,CLI,AMPLITUD,LTRENDIDX,M,2020-02-01,99.98043,
AUS,CLI,AMPLITUD,LTRENDIDX,M,2020-03-01,98.43465,
AUS,CLI,AMPLITUD,LTRENDIDX,M,2020-04-01,97.55141,
AUS,CLI,AMPLITUD,LTRENDIDX,M,2020-05-01,97.16005,
AUS,CLI,AMPLITUD,LTRENDIDX,M,2020-06-01,97.73713,
AUS,CLI,AMPLITUD,LTRENDIDX,M,2020-07-01,98.20316,
AUS,CLI,AMPLITUD,LTRENDIDX,M,2020-08-01,98.71923,
AUS,CLI,AMPLITUD,LTRENDIDX,M,2020-09-01,99.12247,
AUS,CLI,AMPLITUD,LTRENDIDX,M,2020-10-01,99.57941,
AUS,CLI,AMPLITUD,LTRENDIDX,M,2020-11-01,100.0349,
AUS,CLI,AMPLITUD,LTRENDIDX,M,2020-12-01,100.2404,
AUS,CLI,AMPLITUD,LTRENDIDX,M,2021-01-01,100.3437,
AUS,CLI,AMPLITUD,LTRENDIDX,M,2021-02-01,100.4155,
AUS,CLI,AMPLITUD,LTRENDIDX,M,2021-03-01,100.463,
AUS,CLI,AMPLITUD,LTRENDIDX,M,2021-04-01,100.5015,
NLD,CLI,AMPLITUD,LTRENDIDX,M,2020-01-01,99.6743,
NLD,CLI,AMPLITUD,LTRENDIDX,M,2020-02-01,99.58983,
NLD,CLI,AMPLITUD,LTRENDIDX,M,2020-03-01,98.87505,
NLD,CLI,AMPLITUD,LTRENDIDX,M,2020-04-01,94.08903,
NLD,CLI,AMPLITUD,LTRENDIDX,M,2020-05-01,94.98489,
NLD,CLI,AMPLITUD,LTRENDIDX,M,2020-06-01,96.93044,
NLD,CLI,AMPLITUD,LTRENDIDX,M,2020-07-01,98.16473,
NLD,CLI,AMPLITUD,LTRENDIDX,M,2020-08-01,98.33984,
NLD,CLI,AMPLITUD,LTRENDIDX,M,2020-09-01,98.40878,
NLD,CLI,AMPLITUD,LTRENDIDX,M,2020-10-01,98.50298,
NLD,CLI,AMPLITUD,LTRENDIDX,M,2020-11-01,98.79272,
NLD,CLI,AMPLITUD,LTRENDIDX,M,2020-12-01,99.18259,
NLD,CLI,AMPLITUD,LTRENDIDX,M,2021-01-01,99.58549,
NLD,CLI,AMPLITUD,LTRENDIDX,M,2021-02-01,99.9101,
NLD,CLI,AMPLITUD,LTRENDIDX,M,2021-03-01,100.3387,
NLD,CLI,AMPLITUD,LTRENDIDX,M,2021-04-01,100.9878,
CHE,CLI,AMPLITUD,LTRENDIDX,M,2020-01-01,99.06726,
CHE,CLI,AMPLITUD,LTRENDIDX,M,2020-02-01,98.86261,
CHE,CLI,AMPLITUD,LTRENDIDX,M,2020-03-01,97.5256,
CHE,CLI,AMPLITUD,LTRENDIDX,M,2020-04-01,95.33069,
CHE,CLI,AMPLITUD,LTRENDIDX,M,2020-05-01,92.954,
CHE,CLI,AMPLITUD,LTRENDIDX,M,2020-06-01,97.1748,
CHE,CLI,AMPLITUD,LTRENDIDX,M,2020-07-01,99.22046,
CHE,CLI,AMPLITUD,LTRENDIDX,M,2020-08-01,100.1059,
CHE,CLI,AMPLITUD,LTRENDIDX,M,2020-09-01,100.3555,
CHE,CLI,AMPLITUD,LTRENDIDX,M,2020-10-01,100.5172,
CHE,CLI,AMPLITUD,LTRENDIDX,M,2020-11-01,100.6147,
CHE,CLI,AMPLITUD,LTRENDIDX,M,2020-12-01,100.6993,
CHE,CLI,AMPLITUD,LTRENDIDX,M,2021-01-01,100.7597,
CHE,CLI,AMPLITUD,LTRENDIDX,M,2021-02-01,100.8078,
CHE,CLI,AMPLITUD,LTRENDIDX,M,2021-03-01,100.8442,
CHE,CLI,AMPLITUD,LTRENDIDX,M,2021-04-01,100.8399,
PRT,CLI,AMPLITUD,LTRENDIDX,M,2020-01-01,99.80607,
PRT,CLI,AMPLITUD,LTRENDIDX,M,2020-02-01,99.12301,
PRT,CLI,AMPLITUD,LTRENDIDX,M,2020-03-01,97.97612,
PRT,CLI,AMPLITUD,LTRENDIDX,M,2020-04-01,88.28382,
PRT,CLI,AMPLITUD,LTRENDIDX,M,2020-05-01,89.3597,
PRT,CLI,AMPLITUD,LTRENDIDX,M,2020-06-01,93.71104,
PRT,CLI,AMPLITUD,LTRENDIDX,M,2020-07-01,94.75073,
PRT,CLI,AMPLITUD,LTRENDIDX,M,2020-08-01,95.40045,
PRT,CLI,AMPLITUD,LTRENDIDX,M,2020-09-01,95.96249,
PRT,CLI,AMPLITUD,LTRENDIDX,M,2020-10-01,96.11914,
PRT,CLI,AMPLITUD,LTRENDIDX,M,2020-11-01,96.00652,
PRT,CLI,AMPLITUD,LTRENDIDX,M,2020-12-01,96.13723,
PRT,CLI,AMPLITUD,LTRENDIDX,M,2021-01-01,96.16825,
PRT,CLI,AMPLITUD,LTRENDIDX,M,2021-02-01,96.28204,
PRT,CLI,AMPLITUD,LTRENDIDX,M,2021-03-01,96.62752,
PRT,CLI,AMPLITUD,LTRENDIDX,M,2021-04-01,97.14284,
CAN,CLI,AMPLITUD,LTRENDIDX,M,2020-01-01,97.91142,
CAN,CLI,AMPLITUD,LTRENDIDX,M,2020-02-01,98.17069,
CAN,CLI,AMPLITUD,LTRENDIDX,M,2020-03-01,96.33729,
CAN,CLI,AMPLITUD,LTRENDIDX,M,2020-04-01,95.4112,
CAN,CLI,AMPLITUD,LTRENDIDX,M,2020-05-01,96.4751,
CAN,CLI,AMPLITUD,LTRENDIDX,M,2020-06-01,97.69352,
CAN,CLI,AMPLITUD,LTRENDIDX,M,2020-07-01,98.18893,
CAN,CLI,AMPLITUD,LTRENDIDX,M,2020-08-01,98.70448,
CAN,CLI,AMPLITUD,LTRENDIDX,M,2020-09-01,98.93602,
CAN,CLI,AMPLITUD,LTRENDIDX,M,2020-10-01,99.15674,
CAN,CLI,AMPLITUD,LTRENDIDX,M,2020-11-01,99.4752,
CAN,CLI,AMPLITUD,LTRENDIDX,M,2020-12-01,99.81171,
CAN,CLI,AMPLITUD,LTRENDIDX,M,2021-01-01,99.96105,
CAN,CLI,AMPLITUD,LTRENDIDX,M,2021-02-01,100.2381,
CAN,CLI,AMPLITUD,LTRENDIDX,M,2021-03-01,100.4787,
CAN,CLI,AMPLITUD,LTRENDIDX,M,2021-04-01,100.7164,
ZAF,CLI,AMPLITUD,LTRENDIDX,M,2020-01-01,99.60344,
ZAF,CLI,AMPLITUD,LTRENDIDX,M,2020-02-01,99.58154,
ZAF,CLI,AMPLITUD,LTRENDIDX,M,2020-03-01,96.40885,
ZAF,CLI,AMPLITUD,LTRENDIDX,M,2020-04-01,92.82703,
ZAF,CLI,AMPLITUD,LTRENDIDX,M,2020-05-01,94.06127,
ZAF,CLI,AMPLITUD,LTRENDIDX,M,2020-06-01,96.68918,
ZAF,CLI,AMPLITUD,LTRENDIDX,M,2020-07-01,97.87093,
ZAF,CLI,AMPLITUD,LTRENDIDX,M,2020-08-01,99.22291,
ZAF,CLI,AMPLITUD,LTRENDIDX,M,2020-09-01,99.6546,
ZAF,CLI,AMPLITUD,LTRENDIDX,M,2020-10-01,99.89574,
ZAF,CLI,AMPLITUD,LTRENDIDX,M,2020-11-01,100.2687,
ZAF,CLI,AMPLITUD,LTRENDIDX,M,2020-12-01,100.349,
ZAF,CLI,AMPLITUD,LTRENDIDX,M,2021-01-01,100.3547,
ZAF,CLI,AMPLITUD,LTRENDIDX,M,2021-02-01,100.4572,
ZAF,CLI,AMPLITUD,LTRENDIDX,M,2021-03-01,100.6669,
ZAF,CLI,AMPLITUD,LTRENDIDX,M,2021-04-01,100.8048,
ISR,CLI,AMPLITUD,LTRENDIDX,M,2020-01-01,100.1078,
ISR,CLI,AMPLITUD,LTRENDIDX,M,2020-02-01,99.94191,
ISR,CLI,AMPLITUD,LTRENDIDX,M,2020-03-01,92.74403,
ISR,CLI,AMPLITUD,LTRENDIDX,M,2020-04-01,88.15049,
ISR,CLI,AMPLITUD,LTRENDIDX,M,2020-05-01,95.08813,
ISR,CLI,AMPLITUD,LTRENDIDX,M,2020-06-01,95.08411,
ISR,CLI,AMPLITUD,LTRENDIDX,M,2020-07-01,94.89905,
ISR,CLI,AMPLITUD,LTRENDIDX,M,2020-08-01,94.87474,
ISR,CLI,AMPLITUD,LTRENDIDX,M,2020-09-01,92.87473,
ISR,CLI,AMPLITUD,LTRENDIDX,M,2020-10-01,92.80991,
ISR,CLI,AMPLITUD,LTRENDIDX,M,2020-11-01,95.49488,
ISR,CLI,AMPLITUD,LTRENDIDX,M,2020-12-01,95.79432,
ISR,CLI,AMPLITUD,LTRENDIDX,M,2021-01-01,96.06272,
ISR,CLI,AMPLITUD,LTRENDIDX,M,2021-02-01,96.32658,
ISR,CLI,AMPLITUD,LTRENDIDX,M,2021-03-01,96.69231,
ISR,CLI,AMPLITUD,LTRENDIDX,M,2021-04-01,97.55129,
G-7,CLI,AMPLITUD,LTRENDIDX,M,2020-01-01,99.01124,
G-7,CLI,AMPLITUD,LTRENDIDX,M,2020-02-01,98.9995,
G-7,CLI,AMPLITUD,LTRENDIDX,M,2020-03-01,96.83344,
G-7,CLI,AMPLITUD,LTRENDIDX,M,2020-04-01,92.09246,
G-7,CLI,AMPLITUD,LTRENDIDX,M,2020-05-01,93.82201,
G-7,CLI,AMPLITUD,LTRENDIDX,M,2020-06-01,96.32156,
G-7,CLI,AMPLITUD,LTRENDIDX,M,2020-07-01,97.85841,
G-7,CLI,AMPLITUD,LTRENDIDX,M,2020-08-01,98.43737,
G-7,CLI,AMPLITUD,LTRENDIDX,M,2020-09-01,98.62901,
G-7,CLI,AMPLITUD,LTRENDIDX,M,2020-10-01,98.83286,
G-7,CLI,AMPLITUD,LTRENDIDX,M,2020-11-01,99.05614,
G-7,CLI,AMPLITUD,LTRENDIDX,M,2020-12-01,99.31097,
G-7,CLI,AMPLITUD,LTRENDIDX,M,2021-01-01,99.53619,
G-7,CLI,AMPLITUD,LTRENDIDX,M,2021-02-01,99.8007,
G-7,CLI,AMPLITUD,LTRENDIDX,M,2021-03-01,100.0673,
G-7,CLI,AMPLITUD,LTRENDIDX,M,2021-04-01,100.324,
MEX,CLI,AMPLITUD,LTRENDIDX,M,2020-01-01,100.1568,
MEX,CLI,AMPLITUD,LTRENDIDX,M,2020-02-01,100.1993,
MEX,CLI,AMPLITUD,LTRENDIDX,M,2020-03-01,96.47186,
MEX,CLI,AMPLITUD,LTRENDIDX,M,2020-04-01,86.22515,
MEX,CLI,AMPLITUD,LTRENDIDX,M,2020-05-01,88.36767,
MEX,CLI,AMPLITUD,LTRENDIDX,M,2020-06-01,94.92216,
MEX,CLI,AMPLITUD,LTRENDIDX,M,2020-07-01,95.87455,
MEX,CLI,AMPLITUD,LTRENDIDX,M,2020-08-01,96.81282,
MEX,CLI,AMPLITUD,LTRENDIDX,M,2020-09-01,97.19916,
MEX,CLI,AMPLITUD,LTRENDIDX,M,2020-10-01,97.7552,
MEX,CLI,AMPLITUD,LTRENDIDX,M,2020-11-01,98.44254,
MEX,CLI,AMPLITUD,LTRENDIDX,M,2020-12-01,98.86079,
MEX,CLI,AMPLITUD,LTRENDIDX,M,2021-01-01,99.19923,
MEX,CLI,AMPLITUD,LTRENDIDX,M,2021-02-01,99.46703,
MEX,CLI,AMPLITUD,LTRENDIDX,M,2021-03-01,99.73011,
MEX,CLI,AMPLITUD,LTRENDIDX,M,2021-04-01,100.0049,
RUS,CLI,AMPLITUD,LTRENDIDX,M,2020-01-01,99.71225,
RUS,CLI,AMPLITUD,LTRENDIDX,M,2020-02-01,99.40833,
RUS,CLI,AMPLITUD,LTRENDIDX,M,2020-03-01,98.07125,
RUS,CLI,AMPLITUD,LTRENDIDX,M,2020-04-01,91.02823,
RUS,CLI,AMPLITUD,LTRENDIDX,M,2020-05-01,93.13928,
RUS,CLI,AMPLITUD,LTRENDIDX,M,2020-06-01,98.0004,
RUS,CLI,AMPLITUD,LTRENDIDX,M,2020-07-01,98.7903,
RUS,CLI,AMPLITUD,LTRENDIDX,M,2020-08-01,98.86152,
RUS,CLI,AMPLITUD,LTRENDIDX,M,2020-09-01,98.95415,
RUS,CLI,AMPLITUD,LTRENDIDX,M,2020-10-01,99.07896,
RUS,CLI,AMPLITUD,LTRENDIDX,M,2020-11-01,99.24738,
RUS,CLI,AMPLITUD,LTRENDIDX,M,2020-12-01,99.45161,
RUS,CLI,AMPLITUD,LTRENDIDX,M,2021-01-01,99.68519,
RUS,CLI,AMPLITUD,LTRENDIDX,M,2021-02-01,99.94279,
RUS,CLI,AMPLITUD,LTRENDIDX,M,2021-03-01,100.2125,
RUS,CLI,AMPLITUD,LTRENDIDX,M,2021-04-01,100.4811,
SWE,CLI,AMPLITUD,LTRENDIDX,M,2020-01-01,98.29981,
SWE,CLI,AMPLITUD,LTRENDIDX,M,2020-02-01,98.20418,
SWE,CLI,AMPLITUD,LTRENDIDX,M,2020-03-01,97.42793,
SWE,CLI,AMPLITUD,LTRENDIDX,M,2020-04-01,94.73032,
SWE,CLI,AMPLITUD,LTRENDIDX,M,2020-05-01,95.16088,
SWE,CLI,AMPLITUD,LTRENDIDX,M,2020-06-01,96.53124,
SWE,CLI,AMPLITUD,LTRENDIDX,M,2020-07-01,97.45184,
SWE,CLI,AMPLITUD,LTRENDIDX,M,2020-08-01,97.89717,
SWE,CLI,AMPLITUD,LTRENDIDX,M,2020-09-01,98.37745,
SWE,CLI,AMPLITUD,LTRENDIDX,M,2020-10-01,98.72063,
SWE,CLI,AMPLITUD,LTRENDIDX,M,2020-11-01,99.08491,
SWE,CLI,AMPLITUD,LTRENDIDX,M,2020-12-01,99.48694,
SWE,CLI,AMPLITUD,LTRENDIDX,M,2021-01-01,99.91461,
SWE,CLI,AMPLITUD,LTRENDIDX,M,2021-02-01,100.3421,
SWE,CLI,AMPLITUD,LTRENDIDX,M,2021-03-01,100.749,
SWE,CLI,AMPLITUD,LTRENDIDX,M,2021-04-01,101.1191,
EA19,CLI,AMPLITUD,LTRENDIDX,M,2020-01-01,99.53728,
EA19,CLI,AMPLITUD,LTRENDIDX,M,2020-02-01,99.40684,
EA19,CLI,AMPLITUD,LTRENDIDX,M,2020-03-01,96.27997,
EA19,CLI,AMPLITUD,LTRENDIDX,M,2020-04-01,90.88647,
EA19,CLI,AMPLITUD,LTRENDIDX,M,2020-05-01,93.35952,
EA19,CLI,AMPLITUD,LTRENDIDX,M,2020-06-01,97.04881,
EA19,CLI,AMPLITUD,LTRENDIDX,M,2020-07-01,97.87953,
EA19,CLI,AMPLITUD,LTRENDIDX,M,2020-08-01,98.2816,
EA19,CLI,AMPLITUD,LTRENDIDX,M,2020-09-01,98.45923,
EA19,CLI,AMPLITUD,LTRENDIDX,M,2020-10-01,98.57555,
EA19,CLI,AMPLITUD,LTRENDIDX,M,2020-11-01,98.67238,
EA19,CLI,AMPLITUD,LTRENDIDX,M,2020-12-01,98.8017,
EA19,CLI,AMPLITUD,LTRENDIDX,M,2021-01-01,98.9473,
EA19,CLI,AMPLITUD,LTRENDIDX,M,2021-02-01,99.16041,
EA19,CLI,AMPLITUD,LTRENDIDX,M,2021-03-01,99.42189,
EA19,CLI,AMPLITUD,LTRENDIDX,M,2021-04-01,99.73086,
ISL,CLI,AMPLITUD,LTRENDIDX,M,2020-01-01,98.86787,
ISL,CLI,AMPLITUD,LTRENDIDX,M,2020-02-01,98.74129,
ISL,CLI,AMPLITUD,LTRENDIDX,M,2020-03-01,96.88665,
ISL,CLI,AMPLITUD,LTRENDIDX,M,2020-04-01,94.04704,
ISL,CLI,AMPLITUD,LTRENDIDX,M,2020-05-01,93.89351,
ISL,CLI,AMPLITUD,LTRENDIDX,M,2020-06-01,94.23206,
ISL,CLI,AMPLITUD,LTRENDIDX,M,2020-07-01,95.56379,
ISL,CLI,AMPLITUD,LTRENDIDX,M,2020-08-01,95.63744,
ISL,CLI,AMPLITUD,LTRENDIDX,M,2020-09-01,95.06548,
ISL,CLI,AMPLITUD,LTRENDIDX,M,2020-10-01,94.93671,
ISL,CLI,AMPLITUD,LTRENDIDX,M,2020-11-01,94.83974,
ISL,CLI,AMPLITUD,LTRENDIDX,M,2020-12-01,94.86917,
ISL,CLI,AMPLITUD,LTRENDIDX,M,2021-01-01,94.90527,
ISL,CLI,AMPLITUD,LTRENDIDX,M,2021-02-01,94.95103,
ISL,CLI,AMPLITUD,LTRENDIDX,M,2021-03-01,95.03318,
ISL,CLI,AMPLITUD,LTRENDIDX,M,2021-04-01,95.08385,
